LOCALIZADOR;PLAN.;ELEMENTO;OS;POSICAO;BITOLA;PESO (KG);QTDE;COMPR. UNIT.;Compr. Corte;QR CODE
LIVING-MA.117;21869;V01;7;01;6,3mm;1,65;2;330;330;BF2D@HjLIVING-MA.117@r01@i7@p478918@l3300@n2@e1.65@d6.3@gCA50@s25.00@v@Gl3300@w0@C80@
LIVING-MA.117;21869;V01;8;02;12,5mm;8,74;4;223;220;BF2D@HjLIVING-MA.117@r01@i8@p478919@l2230@n4@e8.742@d12.5@gCA50@s50.00@v@Gl380@w-90@l1850@w0@C73@
LIVING-MA.117;21869;V01;9;03;12,5mm;14,68;2;749;743;BF2D@HjLIVING-MA.117@r01@i9@p478920@l7490@n2@e14.68@d12.5@gCA50@s50.00@v@Gl550@w-90@l6390@w-90@l550@w0@C81@
LIVING-MA.117;21869;V01;10;04;12,5mm;4,36;1;445;445;BF2D@HjLIVING-MA.117@r01@i10@p478921@l4450@n1@e4.361@d12.5@gCA50@s50.00@v@Gl4450@w0@C96@
LIVING-MA.117;21869;V01;11;05;6,3mm;13,18;31;170;165;BF2D@HjLIVING-MA.117@r01@i11@p478922@l1700@n31@e13.175@d6.3@gCA50@s25.00@v@Gl60@w-120@l650@w-90@l140@w-90@l650@w-90@l140@w-120@l60@w0@C90@
LIVING-MA.117;21869;V01;12;06;8mm;15,34;6;639;639;BF2D@HjLIVING-MA.117@r01@i12@p478923@l6390@n6@e15.336@d8.0@gCA50@s32.00@v@Gl6390@w0@C73@
LIVING-MA.117;21869;V02;13;01;12,5mm;21,25;8;271;268;BF2D@HjLIVING-MA.117@r01@i13@p478925@l2710@n8@e21.246@d12.5@gCA50@s50.00@v@Gl380@w-90@l2330@w0@C85@
LIVING-MA.117;21869;V02;14;02;20mm;127,50;6;850;850;BF2D@HjLIVING-MA.117@r01@i14@p478926@l8500@n6@e127.5@d20.0@gCA50@s300.00@v@Gl8500@w0@C73@
LIVING-MA.117;21869;V02;15;03;20mm;27,50;2;550;550;BF2D@HjLIVING-MA.117@r01@i15@p478927@l5500@n2@e27.5@d20.0@gCA50@s300.00@v@Gl5500@w0@C66@
LIVING-MA.117;21869;V02;16;04;25mm;163,80;4;1050;1050;BF2D@HjLIVING-MA.117@r01@i16@p478928@l10500@n4@e163.8@d25.0@gCA50@s375.00@v@Gl10500@w0@C65@
LIVING-MA.117;21869;V02;17;05;25mm;73,71;3;630;630;BF2D@HjLIVING-MA.117@r01@i17@p478929@l6300@n3@e73.71@d25.0@gCA50@s375.00@v@Gl6300@w0@C90@
LIVING-MA.117;21869;V02;18;06;25mm;54,99;3;470;470;BF2D@HjLIVING-MA.117@r01@i18@p478930@l4700@n3@e54.99@d25.0@gCA50@s375.00@v@Gl4700@w0@C84@
LIVING-MA.117;21869;V02;19;07;20mm;27,25;2;545;545;BF2D@HjLIVING-MA.117@r01@i19@p478931@l5450@n2@e27.25@d20.0@gCA50@s300.00@v@Gl5450@w0@C73@
LIVING-MA.117;21869;V02;20;08;12,5mm;19,60;4;500;497;BF2D@HjLIVING-MA.117@r01@i20@p478932@l5000@n4@e19.6@d12.5@gCA50@s50.00@v@Gl550@w-90@l4450@w0@C93@
LIVING-MA.117;21869;V02;21;09;12,5mm;4,90;2;250;250;BF2D@HjLIVING-MA.117@r01@i21@p478933@l2500@n2@e4.9@d12.5@gCA50@s50.00@v@Gl2500@w0@C71@
LIVING-MA.117;21869;V02;22;10;25mm;166,14;4;1065;1065;BF2D@HjLIVING-MA.117@r01@i22@p478934@l10650@n4@e166.14@d25.0@gCA50@s375.00@v@Gl10650@w0@C75@
LIVING-MA.117;21869;V02;23;11;25mm;153,27;6;655;655;BF2D@HjLIVING-MA.117@r01@i23@p478935@l6550@n6@e153.27@d25.0@gCA50@s375.00@v@Gl6550@w0@C95@
LIVING-MA.117;21869;V02;24;12;25mm;114,66;6;490;490;BF2D@HjLIVING-MA.117@r01@i24@p478936@l4900@n6@e114.66@d25.0@gCA50@s375.00@v@Gl4900@w0@C67@
LIVING-MA.117;21869;V02;25;13;25mm;148,20;4;950;950;BF2D@HjLIVING-MA.117@r01@i25@p478937@l9500@n4@e148.2@d25.0@gCA50@s375.00@v@Gl9500@w0@C84@
LIVING-MA.117;21869;V02;26;14;12,5mm;4,70;2;240;240;BF2D@HjLIVING-MA.117@r01@i26@p478938@l2400@n2@e4.704@d12.5@gCA50@s50.00@v@Gl2400@w0@C93@
LIVING-MA.117;21869;V02;27;15;8mm;416,30;294;354;347;BF2D@HjLIVING-MA.117@r01@i27@p478939@l3540@n294@e416.304@d8.0@gCA50@s32.00@v@Gl80@w-120@l1550@w-90@l140@w-90@l1550@w-90@l140@w-120@l80@w0@C90@
LIVING-MA.117;21869;V02;28;16;8mm;48,94;28;437;437;BF2D@HjLIVING-MA.117@r01@i28@p478940@l4370@n28@e48.944@d8.0@gCA50@s32.00@v@Gl4370@w0@C76@
LIVING-MA.117;21869;V02;29;17;8mm;96,21;28;859;859;BF2D@HjLIVING-MA.117@r01@i29@p478941@l8590@n28@e96.208@d8.0@gCA50@s32.00@v@Gl8590@w0@C94@
LIVING-MA.117;21869;V14;115;01;12,5mm;21,25;8;271;268;BF2D@HjLIVING-MA.117@r01@i115@p479039@l2710@n8@e21.246@d12.5@gCA50@s50.00@v@Gl380@w-90@l2330@w0@C69@
LIVING-MA.117;21869;V14;116;02;20mm;127,50;6;850;850;BF2D@HjLIVING-MA.117@r01@i116@p479040@l8500@n6@e127.5@d20.0@gCA50@s300.00@v@Gl8500@w0@C66@
LIVING-MA.117;21869;V14;117;03;20mm;27,50;2;550;550;BF2D@HjLIVING-MA.117@r01@i117@p479041@l5500@n2@e27.5@d20.0@gCA50@s300.00@v@Gl5500@w0@C91@
LIVING-MA.117;21869;V14;118;04;25mm;163,80;4;1050;1050;BF2D@HjLIVING-MA.117@r01@i118@p479042@l10500@n4@e163.8@d25.0@gCA50@s375.00@v@Gl10500@w0@C90@
LIVING-MA.117;21869;V14;119;05;25mm;73,71;3;630;630;BF2D@HjLIVING-MA.117@r01@i119@p479043@l6300@n3@e73.71@d25.0@gCA50@s375.00@v@Gl6300@w0@C83@
LIVING-MA.117;21869;V14;120;06;25mm;54,99;3;470;470;BF2D@HjLIVING-MA.117@r01@i120@p479044@l4700@n3@e54.99@d25.0@gCA50@s375.00@v@Gl4700@w0@C77@
LIVING-MA.117;21869;V14;121;07;20mm;27,25;2;545;545;BF2D@HjLIVING-MA.117@r01@i121@p479045@l5450@n2@e27.25@d20.0@gCA50@s300.00@v@Gl5450@w0@C66@
LIVING-MA.117;21869;V14;122;08;12,5mm;19,60;4;500;497;BF2D@HjLIVING-MA.117@r01@i122@p479046@l5000@n4@e19.6@d12.5@gCA50@s50.00@v@Gl550@w-90@l4450@w0@C77@
LIVING-MA.117;21869;V14;123;09;12,5mm;4,90;2;250;250;BF2D@HjLIVING-MA.117@r01@i123@p479047@l2500@n2@e4.9@d12.5@gCA50@s50.00@v@Gl2500@w0@C87@
LIVING-MA.117;21869;V14;124;10;25mm;166,14;4;1065;1065;BF2D@HjLIVING-MA.117@r01@i124@p479048@l10650@n4@e166.14@d25.0@gCA50@s375.00@v@Gl10650@w0@C91@
LIVING-MA.117;21869;V14;125;11;25mm;153,27;6;655;655;BF2D@HjLIVING-MA.117@r01@i125@p479049@l6550@n6@e153.27@d25.0@gCA50@s375.00@v@Gl6550@w0@C79@
LIVING-MA.117;21869;V14;126;12;25mm;114,66;6;490;490;BF2D@HjLIVING-MA.117@r01@i126@p479050@l4900@n6@e114.66@d25.0@gCA50@s375.00@v@Gl4900@w0@C92@
LIVING-MA.117;21869;V14;127;13;25mm;148,20;4;950;950;BF2D@HjLIVING-MA.117@r01@i127@p479051@l9500@n4@e148.2@d25.0@gCA50@s375.00@v@Gl9500@w0@C77@
LIVING-MA.117;21869;V14;128;14;12,5mm;4,70;2;240;240;BF2D@HjLIVING-MA.117@r01@i128@p479052@l2400@n2@e4.704@d12.5@gCA50@s50.00@v@Gl2400@w0@C86@
LIVING-MA.117;21869;V14;129;15;8mm;416,30;294;354;347;BF2D@HjLIVING-MA.117@r01@i129@p479053@l3540@n294@e416.304@d8.0@gCA50@s32.00@v@Gl80@w-120@l1550@w-90@l140@w-90@l1550@w-90@l140@w-120@l80@w0@C83@
LIVING-MA.117;21869;V14;130;16;8mm;48,94;28;437;437;BF2D@HjLIVING-MA.117@r01@i130@p479054@l4370@n28@e48.944@d8.0@gCA50@s32.00@v@Gl4370@w0@C69@
LIVING-MA.117;21869;V14;131;17;8mm;96,21;28;859;859;BF2D@HjLIVING-MA.117@r01@i131@p479055@l8590@n28@e96.208@d8.0@gCA50@s32.00@v@Gl8590@w0@C87@
LIVING-MA.117;21869;V03;30;01;12,5mm;5,50;3;187;184;BF2D@HjLIVING-MA.117@r01@i30@p478943@l1870@n3@e5.498@d12.5@gCA50@s50.00@v@Gl380@w-90@l1490@w0@C84@
LIVING-MA.117;21869;V03;31;02;20mm;31,95;2;639;639;BF2D@HjLIVING-MA.117@r01@i31@p478944@l6390@n2@e31.95@d20.0@gCA50@s300.00@v@Gl6390@w0@C65@
LIVING-MA.117;21869;V03;32;03;10mm;2,93;3;155;153;BF2D@HjLIVING-MA.117@r01@i32@p478945@l1550@n3@e2.93@d10.0@gCA50@s40.00@v@Gl270@w-90@l1280@w0@C94@
LIVING-MA.117;21869;V03;33;04;12,5mm;7,02;2;358;355;BF2D@HjLIVING-MA.117@r01@i33@p478946@l3580@n2@e7.017@d12.5@gCA50@s50.00@v@Gl390@w-90@l3190@w0@C90@
LIVING-MA.117;21869;V03;34;05;12,5mm;10,58;4;270;270;BF2D@HjLIVING-MA.117@r01@i34@p478947@l2700@n4@e10.584@d12.5@gCA50@s50.00@v@Gl2700@w0@C67@
LIVING-MA.117;21869;V03;35;06;10mm;4,66;2;370;368;BF2D@HjLIVING-MA.117@r01@i35@p478948@l3700@n2@e4.662@d10.0@gCA50@s40.00@v@Gl390@w-90@l3310@w0@C71@
LIVING-MA.117;21869;V03;36;07;6,3mm;9,43;29;130;125;BF2D@HjLIVING-MA.117@r01@i36@p478949@l1300@n29@e9.425@d6.3@gCA50@s25.00@v@Gl60@w-120@l450@w-90@l140@w-90@l450@w-90@l140@w-120@l60@w0@C88@
LIVING-MA.117;21869;V03;37;08;8mm;5,02;4;314;314;BF2D@HjLIVING-MA.117@r01@i37@p478950@l3140@n4@e5.024@d8.0@gCA50@s32.00@v@Gl3140@w0@C79@
LIVING-MA.117;21869;V04;38;01;12,5mm;4,31;2;220;214;BF2D@HjLIVING-MA.117@r01@i38@p478952@l2200@n2@e4.312@d12.5@gCA50@s50.00@v@Gl380@w-90@l1450@w-90@l370@w0@C90@
LIVING-MA.117;21869;V04;39;02;12,5mm;4,35;2;222;216;BF2D@HjLIVING-MA.117@r01@i39@p478953@l2220@n2@e4.351@d12.5@gCA50@s50.00@v@Gl390@w-90@l1440@w-90@l390@w0@C81@
LIVING-MA.117;21869;V04;40;03;6,3mm;1,95;6;130;125;BF2D@HjLIVING-MA.117@r01@i40@p478954@l1300@n6@e1.95@d6.3@gCA50@s25.00@v@Gl60@w-120@l450@w-90@l140@w-90@l450@w-90@l140@w-120@l60@w0@C75@
LIVING-MA.117;21869;V05;41;01;12,5mm;19,60;4;500;494;BF2D@HjLIVING-MA.117@r01@i41@p478956@l5000@n4@e19.6@d12.5@gCA50@s50.00@v@Gl390@w-90@l4220@w-90@l390@w0@C66@
LIVING-MA.117;21869;V05;42;02;12,5mm;3,23;1;330;330;BF2D@HjLIVING-MA.117@r01@i42@p478957@l3300@n1@e3.234@d12.5@gCA50@s50.00@v@Gl3300@w0@C66@
LIVING-MA.117;21869;V05;43;03;6,3mm;6,50;20;130;125;BF2D@HjLIVING-MA.117@r01@i43@p478958@l1300@n20@e6.5@d6.3@gCA50@s25.00@v@Gl60@w-120@l450@w-90@l140@w-90@l450@w-90@l140@w-120@l60@w0@C76@
LIVING-MA.117;21869;V06;44;01;10mm;3,68;2;292;287;BF2D@HjLIVING-MA.117@r01@i44@p478960@l2920@n2@e3.679@d10.0@gCA50@s40.00@v@Gl330@w-90@l2260@w-90@l330@w0@C87@
LIVING-MA.117;21869;V06;45;02;10mm;3,58;2;284;279;BF2D@HjLIVING-MA.117@r01@i45@p478961@l2840@n2@e3.578@d10.0@gCA50@s40.00@v@Gl290@w-90@l2260@w-90@l290@w0@C76@
LIVING-MA.117;21869;V06;46;03;6,3mm;2,75;10;110;105;BF2D@HjLIVING-MA.117@r01@i46@p478962@l1100@n10@e2.75@d6.3@gCA50@s25.00@v@Gl60@w-120@l350@w-90@l140@w-90@l350@w-90@l140@w-120@l60@w0@C96@
LOCALIZADOR;PLAN.;ELEMENTO;OS;POSICAO;BITOLA;PESO (KG);QTDE;COMPR. UNIT.;Compr. Corte;QR CODE
LIVING-MA.117;21869;V07;47;01;12,5mm;4,76;2;243;240;BF2D@HjLIVING-MA.117@r01@i47@p478964@l2430@n2@e4.763@d12.5@gCA50@s50.00@v@Gl380@w-90@l2050@w0@C94@
LIVING-MA.117;21869;V07;48;02;20mm;28,50;3;380;380;BF2D@HjLIVING-MA.117@r01@i48@p478965@l3800@n3@e28.5@d20.0@gCA50@s300.00@v@Gl3800@w0@C86@
LIVING-MA.117;21869;V07;49;03;20mm;13,75;2;275;275;BF2D@HjLIVING-MA.117@r01@i49@p478966@l2750@n2@e13.75@d20.0@gCA50@s300.00@v@Gl2750@w0@C94@
LIVING-MA.117;21869;V07;50;04;12,5mm;9,80;2;500;497;BF2D@HjLIVING-MA.117@r01@i50@p478967@l5000@n2@e9.8@d12.5@gCA50@s50.00@v@Gl390@w-90@l4610@w0@C67@
LIVING-MA.117;21869;V07;51;05;12,5mm;16,66;4;425;425;BF2D@HjLIVING-MA.117@r01@i51@p478968@l4250@n4@e16.66@d12.5@gCA50@s50.00@v@Gl4250@w0@C76@
LIVING-MA.117;21869;V07;52;06;6,3mm;7,47;23;130;125;BF2D@HjLIVING-MA.117@r01@i52@p478969@l1300@n23@e7.475@d6.3@gCA50@s25.00@v@Gl60@w-120@l450@w-90@l140@w-90@l450@w-90@l140@w-120@l60@w0@C91@
LIVING-MA.117;21869;V11;98;01;6,3mm;2,00;2;400;400;BF2D@HjLIVING-MA.117@r01@i98@p479019@l4000@n2@e2@d6.3@gCA50@s25.00@v@Gl4000@w0@C89@
LIVING-MA.117;21869;V11;99;02;12,5mm;7,37;4;188;185;BF2D@HjLIVING-MA.117@r01@i99@p479020@l1880@n4@e7.37@d12.5@gCA50@s50.00@v@Gl380@w-90@l1500@w0@C81@
LIVING-MA.117;21869;V11;100;03;16mm;22,66;2;708;700;BF2D@HjLIVING-MA.117@r01@i100@p479021@l7080@n2@e22.656@d16.0@gCA50@s240.00@v@Gl360@w-90@l6360@w-90@l360@w0@C72@
LIVING-MA.117;21869;V11;101;04;16mm;7,28;1;455;455;BF2D@HjLIVING-MA.117@r01@i101@p479022@l4550@n1@e7.28@d16.0@gCA50@s240.00@v@Gl4550@w0@C81@
LIVING-MA.117;21869;V11;102;05;6,3mm;10,07;31;130;125;BF2D@HjLIVING-MA.117@r01@i102@p479023@l1300@n31@e10.075@d6.3@gCA50@s25.00@v@Gl60@w-120@l450@w-90@l140@w-90@l450@w-90@l140@w-120@l60@w0@C92@
LIVING-MA.117;21869;V12;103;01;10mm;4,16;2;330;325;BF2D@HjLIVING-MA.117@r01@i103@p479025@l3300@n2@e4.158@d10.0@gCA50@s40.00@v@Gl280@w-90@l2740@w-90@l280@w0@C85@
LIVING-MA.117;21869;V12;104;02;12,5mm;6,94;2;354;348;BF2D@HjLIVING-MA.117@r01@i104@p479026@l3540@n2@e6.938@d12.5@gCA50@s50.00@v@Gl400@w-90@l2740@w-90@l400@w0@C73@
LIVING-MA.117;21869;V12;105;03;6,3mm;4,22;13;130;125;BF2D@HjLIVING-MA.117@r01@i105@p479027@l1300@n13@e4.225@d6.3@gCA50@s25.00@v@Gl60@w-120@l450@w-90@l140@w-90@l450@w-90@l140@w-120@l60@w0@C69@
LIVING-MA.117;21869;V13;106;01;20mm;26,75;2;535;525;BF2D@HjLIVING-MA.117@r01@i106@p479029@l5350@n2@e26.75@d20.0@gCA50@s300.00@v@Gl430@w-90@l4290@w-90@l630@w0@C87@
LIVING-MA.117;21869;V13;107;02;20mm;6,40;1;256;251;BF2D@HjLIVING-MA.117@r01@i107@p479030@l2560@n1@e6.4@d20.0@gCA50@s300.00@v@Gl630@w-90@l1930@w0@C91@
LIVING-MA.117;21869;V13;108;03;12,5mm;14,58;4;372;369;BF2D@HjLIVING-MA.117@r01@i108@p479031@l3720@n4@e14.582@d12.5@gCA50@s50.00@v@Gl390@w-90@l3330@w0@C70@
LIVING-MA.117;21869;V13;109;04;12,5mm;6,47;2;330;330;BF2D@HjLIVING-MA.117@r01@i109@p479032@l3300@n2@e6.468@d12.5@gCA50@s50.00@v@Gl3300@w0@C80@
LIVING-MA.117;21869;V13;110;05;12,5mm;11,33;4;289;280;BF2D@HjLIVING-MA.117@r01@i110@p479033@l2890@n4@e11.329@d12.5@gCA50@s50.00@v@Gl1740@w90@l400@w90@l600@w90@l150@w0@C86@
LIVING-MA.117;21869;V13;111;06;12,5mm;4,27;2;218;212;BF2D@HjLIVING-MA.117@r01@i111@p479034@l2180@n2@e4.273@d12.5@gCA50@s50.00@v@Gl200@w90@l550@w90@l1430@w0@C82@
LIVING-MA.117;21869;V13;112;07;6,3mm;4,22;13;130;125;BF2D@HjLIVING-MA.117@r01@i112@p479035@l1300@n13@e4.225@d6.3@gCA50@s25.00@v@Gl60@w-120@l450@w-90@l140@w-90@l450@w-90@l140@w-120@l60@w0@C72@
LIVING-MA.117;21869;V13;113;08;6,3mm;3,40;8;170;165;BF2D@HjLIVING-MA.117@r01@i113@p479036@l1700@n8@e3.4@d6.3@gCA50@s25.00@v@Gl60@w-120@l650@w-90@l140@w-90@l650@w-90@l140@w-120@l60@w0@C80@
LIVING-MA.117;21869;V13;114;09;5mm;3,20;10;200;198;BF2D@HjLIVING-MA.117@r01@i114@p479037@l2000@n10@e3.2@d5.0@gCA60@s20.00@v@Gl130@w-90@l1740@w-90@l130@w0@C76@
LIVING-MA.117;21869;V15;132;01;8mm;2,76;2;345;345;BF2D@HjLIVING-MA.117@r01@i132@p479057@l3450@n2@e2.76@d8.0@gCA50@s32.00@v@Gl3450@w0@C74@
LIVING-MA.117;21869;V15;133;02;16mm;27,39;8;214;210;BF2D@HjLIVING-MA.117@r01@i133@p479058@l2140@n8@e27.392@d16.0@gCA50@s240.00@v@Gl400@w-90@l1740@w0@C82@
LIVING-MA.117;21869;V15;134;03;12,5mm;41,92;6;713;707;BF2D@HjLIVING-MA.117@r01@i134@p479059@l7130@n6@e41.924@d12.5@gCA50@s50.00@v@Gl380@w-90@l6370@w-90@l380@w0@C66@
LIVING-MA.117;21869;V15;135;04;8mm;19,34;31;156;149;BF2D@HjLIVING-MA.117@r01@i135@p479060@l1560@n31@e19.344@d8.0@gCA50@s32.00@v@Gl80@w-120@l450@w-90@l250@w-90@l450@w-90@l250@w-120@l80@w0@C96@
LIVING-MA.117;21869;V08;53;01;8mm;6,24;4;390;390;BF2D@HjLIVING-MA.117@r01@i53@p478971@l3900@n4@e6.24@d8.0@gCA50@s32.00@v@Gl3900@w0@C85@
LIVING-MA.117;21869;V08;54;02;20mm;35,30;2;706;701;BF2D@HjLIVING-MA.117@r01@i54@p478972@l7060@n2@e35.3@d20.0@gCA50@s300.00@v@Gl600@w-90@l6460@w0@C74@
LIVING-MA.117;21869;V08;55;03;20mm;32,50;4;325;325;BF2D@HjLIVING-MA.117@r01@i55@p478973@l3250@n4@e32.5@d20.0@gCA50@s300.00@v@Gl3250@w0@C95@
LIVING-MA.117;21869;V08;56;04;20mm;43,13;3;575;575;BF2D@HjLIVING-MA.117@r01@i56@p478974@l5750@n3@e43.125@d20.0@gCA50@s300.00@v@Gl5750@w0@C75@
LIVING-MA.117;21869;V08;57;05;20mm;20,75;2;415;415;BF2D@HjLIVING-MA.117@r01@i57@p478975@l4150@n2@e20.75@d20.0@gCA50@s300.00@v@Gl4150@w0@C73@
LIVING-MA.117;21869;V08;58;06;20mm;16,75;2;335;335;BF2D@HjLIVING-MA.117@r01@i58@p478976@l3350@n2@e16.75@d20.0@gCA50@s300.00@v@Gl3350@w0@C96@
LIVING-MA.117;21869;V08;59;07;20mm;32,25;2;645;645;BF2D@HjLIVING-MA.117@r01@i59@p478977@l6450@n2@e32.25@d20.0@gCA50@s300.00@v@Gl6450@w0@C93@
LIVING-MA.117;21869;V08;60;08;16mm;7,55;2;236;232;BF2D@HjLIVING-MA.117@r01@i60@p478978@l2360@n2@e7.552@d16.0@gCA50@s240.00@v@Gl510@w-90@l1850@w0@C75@
LIVING-MA.117;21869;V08;61;09;12,5mm;19,60;4;500;497;BF2D@HjLIVING-MA.117@r01@i61@p478979@l5000@n4@e19.6@d12.5@gCA50@s50.00@v@Gl550@w-90@l4450@w0@C77@
LIVING-MA.117;21869;V08;62;10;12,5mm;2,50;1;255;255;BF2D@HjLIVING-MA.117@r01@i62@p478980@l2550@n1@e2.499@d12.5@gCA50@s50.00@v@Gl2550@w0@C76@
LIVING-MA.117;21869;V08;63;11;20mm;113,13;5;905;905;BF2D@HjLIVING-MA.117@r01@i63@p478981@l9050@n5@e113.125@d20.0@gCA50@s300.00@v@Gl9050@w0@C69@
LIVING-MA.117;21869;V08;64;12;20mm;21,25;2;425;425;BF2D@HjLIVING-MA.117@r01@i64@p478982@l4250@n2@e21.25@d20.0@gCA50@s300.00@v@Gl4250@w0@C79@
LIVING-MA.117;21869;V08;65;13;20mm;24,00;2;480;480;BF2D@HjLIVING-MA.117@r01@i65@p478983@l4800@n2@e24@d20.0@gCA50@s300.00@v@Gl4800@w0@C93@
LIVING-MA.117;21869;V08;66;14;12,5mm;2,11;1;215;215;BF2D@HjLIVING-MA.117@r01@i66@p478984@l2150@n1@e2.107@d12.5@gCA50@s50.00@v@Gl2150@w0@C90@
LIVING-MA.117;21869;V08;67;15;8mm;95,23;128;186;179;BF2D@HjLIVING-MA.117@r01@i67@p478985@l1860@n128@e95.232@d8.0@gCA50@s32.00@v@Gl80@w-120@l200@w-90@l650@w-90@l200@w-90@l650@w-120@l80@w0@C73@
LIVING-MA.117;21869;V08;68;16;8mm;27,97;16;437;437;BF2D@HjLIVING-MA.117@r01@i68@p478986@l4370@n16@e27.968@d8.0@gCA50@s32.00@v@Gl4370@w0@C94@
LIVING-MA.117;21869;V08;69;17;8mm;54,98;16;859;859;BF2D@HjLIVING-MA.117@r01@i69@p478987@l8590@n16@e54.976@d8.0@gCA50@s32.00@v@Gl8590@w0@C77@
LIVING-MA.117;21869;V09;70;01;8mm;6,24;4;390;390;BF2D@HjLIVING-MA.117@r01@i70@p478989@l3900@n4@e6.24@d8.0@gCA50@s32.00@v@Gl3900@w0@C77@
LIVING-MA.117;21869;V09;71;02;20mm;35,30;2;706;701;BF2D@HjLIVING-MA.117@r01@i71@p478990@l7060@n2@e35.3@d20.0@gCA50@s300.00@v@Gl600@w-90@l6460@w0@C75@
LIVING-MA.117;21869;V09;72;03;20mm;32,50;4;325;325;BF2D@HjLIVING-MA.117@r01@i72@p478991@l3250@n4@e32.5@d20.0@gCA50@s300.00@v@Gl3250@w0@C96@
LIVING-MA.117;21869;V09;73;04;20mm;43,13;3;575;575;BF2D@HjLIVING-MA.117@r01@i73@p478992@l5750@n3@e43.125@d20.0@gCA50@s300.00@v@Gl5750@w0@C76@
LIVING-MA.117;21869;V09;74;05;20mm;20,75;2;415;415;BF2D@HjLIVING-MA.117@r01@i74@p478993@l4150@n2@e20.75@d20.0@gCA50@s300.00@v@Gl4150@w0@C74@
LIVING-MA.117;21869;V09;75;06;20mm;16,75;2;335;335;BF2D@HjLIVING-MA.117@r01@i75@p478994@l3350@n2@e16.75@d20.0@gCA50@s300.00@v@Gl3350@w0@C65@
LIVING-MA.117;21869;V09;76;07;20mm;32,25;2;645;645;BF2D@HjLIVING-MA.117@r01@i76@p478995@l6450@n2@e32.25@d20.0@gCA50@s300.00@v@Gl6450@w0@C94@
LIVING-MA.117;21869;V09;77;08;16mm;7,55;2;236;232;BF2D@HjLIVING-MA.117@r01@i77@p478996@l2360@n2@e7.552@d16.0@gCA50@s240.00@v@Gl510@w-90@l1850@w0@C67@
LIVING-MA.117;21869;V09;78;09;12,5mm;19,60;4;500;497;BF2D@HjLIVING-MA.117@r01@i78@p478997@l5000@n4@e19.6@d12.5@gCA50@s50.00@v@Gl550@w-90@l4450@w0@C69@
LIVING-MA.117;21869;V09;79;10;12,5mm;2,50;1;255;255;BF2D@HjLIVING-MA.117@r01@i79@p478998@l2550@n1@e2.499@d12.5@gCA50@s50.00@v@Gl2550@w0@C91@
LIVING-MA.117;21869;V09;80;11;20mm;113,13;5;905;905;BF2D@HjLIVING-MA.117@r01@i80@p478999@l9050@n5@e113.125@d20.0@gCA50@s300.00@v@Gl9050@w0@C93@
LIVING-MA.117;21869;V09;81;12;20mm;21,25;2;425;425;BF2D@HjLIVING-MA.117@r01@i81@p479000@l4250@n2@e21.25@d20.0@gCA50@s300.00@v@Gl4250@w0@C66@
LIVING-MA.117;21869;V09;82;13;20mm;24,00;2;480;480;BF2D@HjLIVING-MA.117@r01@i82@p479001@l4800@n2@e24@d20.0@gCA50@s300.00@v@Gl4800@w0@C80@
LOCALIZADOR;PLAN.;ELEMENTO;OS;POSICAO;BITOLA;PESO (KG);QTDE;COMPR. UNIT.;Compr. Corte;QR CODE
LIVING-MA.117;21869;V09;83;14;12,5mm;2,11;1;215;215;BF2D@HjLIVING-MA.117@r01@i83@p479002@l2150@n1@e2.107@d12.5@gCA50@s50.00@v@Gl2150@w0@C77@
LIVING-MA.117;21869;V09;84;15;8mm;95,23;128;186;179;BF2D@HjLIVING-MA.117@r01@i84@p479003@l1860@n128@e95.232@d8.0@gCA50@s32.00@v@Gl80@w-120@l200@w-90@l650@w-90@l200@w-90@l650@w-120@l80@w0@C92@
LIVING-MA.117;21869;V09;85;16;8mm;27,97;16;437;437;BF2D@HjLIVING-MA.117@r01@i85@p479004@l4370@n16@e27.968@d8.0@gCA50@s32.00@v@Gl4370@w0@C81@
LIVING-MA.117;21869;V09;86;17;8mm;54,98;16;859;859;BF2D@HjLIVING-MA.117@r01@i86@p479005@l8590@n16@e54.976@d8.0@gCA50@s32.00@v@Gl8590@w0@C96@
LIVING-MA.117;21869;V10;87;01;25mm;152,10;6;650;650;BF2D@HjLIVING-MA.117@r01@i87@p479007@l6500@n6@e152.1@d25.0@gCA50@s375.00@v@Gl6500@w0@C65@
LIVING-MA.117;21869;V10;88;02;12,5mm;10,31;4;263;260;BF2D@HjLIVING-MA.117@r01@i88@p479008@l2630@n4@e10.31@d12.5@gCA50@s50.00@v@Gl380@w-90@l2250@w0@C76@
LIVING-MA.117;21869;V10;89;03;12,5mm;26,73;4;682;679;BF2D@HjLIVING-MA.117@r01@i89@p479009@l6820@n4@e26.734@d12.5@gCA50@s50.00@v@Gl380@w-90@l6440@w0@C95@
LIVING-MA.117;21869;V10;90;04;25mm;274,64;7;1006;999;BF2D@HjLIVING-MA.117@r01@i90@p479010@l10060@n7@e274.638@d25.0@gCA50@s375.00@v@Gl860@w-90@l9200@w0@C84@
LIVING-MA.117;21869;V10;91;05;25mm;129,32;4;829;829;BF2D@HjLIVING-MA.117@r01@i91@p479011@l8290@n4@e129.324@d25.0@gCA50@s375.00@v@Gl8290@w0@C81@
LIVING-MA.117;21869;V10;92;06;25mm;99,68;4;639;639;BF2D@HjLIVING-MA.117@r01@i92@p479012@l6390@n4@e99.684@d25.0@gCA50@s375.00@v@Gl6390@w0@C82@
LIVING-MA.117;21869;V10;93;07;12,5mm;19,99;4;510;507;BF2D@HjLIVING-MA.117@r01@i93@p479013@l5100@n4@e19.992@d12.5@gCA50@s50.00@v@Gl550@w-90@l4550@w0@C76@
LIVING-MA.117;21869;V10;94;08;10mm;12,60;20;100;95;BF2D@HjLIVING-MA.117@r01@i94@p479014@l1000@n20@e12.6@d10.0@gCA50@s40.00@v@Gl470@w-90@l60@w-90@l470@w0@C81@
LIVING-MA.117;21869;V10;95;09;8mm;263,38;186;354;347;BF2D@HjLIVING-MA.117@r01@i95@p479015@l3540@n186@e263.376@d8.0@gCA50@s32.00@v@Gl80@w-120@l1550@w-90@l140@w-90@l1550@w-90@l140@w-120@l80@w0@C90@
LIVING-MA.117;21869;V10;96;10;8mm;47,99;14;857;857;BF2D@HjLIVING-MA.117@r01@i96@p479016@l8570@n14@e47.992@d8.0@gCA50@s32.00@v@Gl8570@w0@C67@
LIVING-MA.117;21869;V10;97;11;8mm;24,47;14;437;437;BF2D@HjLIVING-MA.117@r01@i97@p479017@l4370@n14@e24.472@d8.0@gCA50@s32.00@v@Gl4370@w0@C89@
LIVING-MA.117;21869;V16;136;01;6,3mm;2,48;2;495;495;BF2D@HjLIVING-MA.117@r01@i136@p479062@l4950@n2@e2.475@d6.3@gCA50@s25.00@v@Gl4950@w0@C72@
LIVING-MA.117;21869;V16;137;02;16mm;7,62;2;238;234;BF2D@HjLIVING-MA.117@r01@i137@p479063@l2380@n2@e7.616@d16.0@gCA50@s240.00@v@Gl510@w-90@l1870@w0@C95@
LIVING-MA.117;21869;V16;138;03;20mm;32,35;2;647;647;BF2D@HjLIVING-MA.117@r01@i138@p479064@l6470@n2@e32.35@d20.0@gCA50@s300.00@v@Gl6470@w0@C86@
LIVING-MA.117;21869;V16;139;04;20mm;17,00;2;340;340;BF2D@HjLIVING-MA.117@r01@i139@p479065@l3400@n2@e17@d20.0@gCA50@s300.00@v@Gl3400@w0@C91@
LIVING-MA.117;21869;V16;140;05;16mm;7,55;2;236;232;BF2D@HjLIVING-MA.117@r01@i140@p479066@l2360@n2@e7.552@d16.0@gCA50@s240.00@v@Gl510@w-90@l1850@w0@C71@
LIVING-MA.117;21869;V16;141;06;16mm;73,68;5;921;917;BF2D@HjLIVING-MA.117@r01@i141@p479067@l9210@n5@e73.68@d16.0@gCA50@s240.00@v@Gl540@w-90@l8670@w0@C82@
LIVING-MA.117;21869;V16;142;07;16mm;13,84;1;865;865;BF2D@HjLIVING-MA.117@r01@i142@p479068@l8650@n1@e13.84@d16.0@gCA50@s240.00@v@Gl8650@w0@C73@
LIVING-MA.117;21869;V16;143;08;16mm;19,44;3;405;405;BF2D@HjLIVING-MA.117@r01@i143@p479069@l4050@n3@e19.44@d16.0@gCA50@s240.00@v@Gl4050@w0@C87@
LIVING-MA.117;21869;V16;144;09;12,5mm;9,80;2;500;497;BF2D@HjLIVING-MA.117@r01@i144@p479070@l5000@n2@e9.8@d12.5@gCA50@s50.00@v@Gl550@w-90@l4450@w0@C93@
LIVING-MA.117;21869;V16;145;10;12,5mm;2,11;1;215;215;BF2D@HjLIVING-MA.117@r01@i145@p479071@l2150@n1@e2.107@d12.5@gCA50@s50.00@v@Gl2150@w0@C88@
LIVING-MA.117;21869;V16;146;11;6,3mm;34,58;76;182;177;BF2D@HjLIVING-MA.117@r01@i146@p479072@l1820@n76@e34.58@d6.3@gCA50@s25.00@v@Gl60@w-120@l650@w-90@l200@w-90@l650@w-90@l200@w-120@l60@w0@C75@
LIVING-MA.117;21869;V16;147;12;8mm;27,42;8;857;857;BF2D@HjLIVING-MA.117@r01@i147@p479073@l8570@n8@e27.424@d8.0@gCA50@s32.00@v@Gl8570@w0@C76@
LIVING-MA.117;21869;V16;148;13;8mm;13,98;8;437;437;BF2D@HjLIVING-MA.117@r01@i148@p479074@l4370@n8@e13.984@d8.0@gCA50@s32.00@v@Gl4370@w0@C80@
LIVING-MA.117;21869;V17;149;01;6,3mm;2,48;2;495;495;BF2D@HjLIVING-MA.117@r01@i149@p479076@l4950@n2@e2.475@d6.3@gCA50@s25.00@v@Gl4950@w0@C95@
LIVING-MA.117;21869;V17;150;02;16mm;7,62;2;238;234;BF2D@HjLIVING-MA.117@r01@i150@p479077@l2380@n2@e7.616@d16.0@gCA50@s240.00@v@Gl510@w-90@l1870@w0@C95@
LIVING-MA.117;21869;V17;151;03;20mm;32,35;2;647;647;BF2D@HjLIVING-MA.117@r01@i151@p479078@l6470@n2@e32.35@d20.0@gCA50@s300.00@v@Gl6470@w0@C86@
LIVING-MA.117;21869;V17;152;04;20mm;17,00;2;340;340;BF2D@HjLIVING-MA.117@r01@i152@p479079@l3400@n2@e17@d20.0@gCA50@s300.00@v@Gl3400@w0@C91@
LIVING-MA.117;21869;V17;153;05;16mm;7,55;2;236;232;BF2D@HjLIVING-MA.117@r01@i153@p479080@l2360@n2@e7.552@d16.0@gCA50@s240.00@v@Gl510@w-90@l1850@w0@C71@
LIVING-MA.117;21869;V17;154;06;16mm;73,68;5;921;917;BF2D@HjLIVING-MA.117@r01@i154@p479081@l9210@n5@e73.68@d16.0@gCA50@s240.00@v@Gl540@w-90@l8670@w0@C82@
LIVING-MA.117;21869;V17;155;07;16mm;13,84;1;865;865;BF2D@HjLIVING-MA.117@r01@i155@p479082@l8650@n1@e13.84@d16.0@gCA50@s240.00@v@Gl8650@w0@C73@
LIVING-MA.117;21869;V17;156;08;16mm;19,44;3;405;405;BF2D@HjLIVING-MA.117@r01@i156@p479083@l4050@n3@e19.44@d16.0@gCA50@s240.00@v@Gl4050@w0@C87@
LIVING-MA.117;21869;V17;157;09;12,5mm;9,80;2;500;497;BF2D@HjLIVING-MA.117@r01@i157@p479084@l5000@n2@e9.8@d12.5@gCA50@s50.00@v@Gl550@w-90@l4450@w0@C84@
LIVING-MA.117;21869;V17;158;10;12,5mm;2,11;1;215;215;BF2D@HjLIVING-MA.117@r01@i158@p479085@l2150@n1@e2.107@d12.5@gCA50@s50.00@v@Gl2150@w0@C79@
LIVING-MA.117;21869;V17;159;11;6,3mm;34,58;76;182;177;BF2D@HjLIVING-MA.117@r01@i159@p479086@l1820@n76@e34.58@d6.3@gCA50@s25.00@v@Gl60@w-120@l650@w-90@l200@w-90@l650@w-90@l200@w-120@l60@w0@C66@
LIVING-MA.117;21869;V17;160;12;8mm;27,42;8;857;857;BF2D@HjLIVING-MA.117@r01@i160@p479087@l8570@n8@e27.424@d8.0@gCA50@s32.00@v@Gl8570@w0@C76@
LIVING-MA.117;21869;V17;161;13;8mm;13,98;8;437;437;BF2D@HjLIVING-MA.117@r01@i161@p479088@l4370@n8@e13.984@d8.0@gCA50@s32.00@v@Gl4370@w0@C80@
LIVING-MA.117;21869;V18;162;01;12,5mm;9,03;3;307;304;BF2D@HjLIVING-MA.117@r01@i162@p479090@l3070@n3@e9.026@d12.5@gCA50@s50.00@v@Gl380@w-90@l2690@w0@C80@
LIVING-MA.117;21869;V18;163;02;16mm;13,63;2;426;422;BF2D@HjLIVING-MA.117@r01@i163@p479091@l4260@n2@e13.632@d16.0@gCA50@s240.00@v@Gl580@w-90@l3680@w0@C77@
LIVING-MA.117;21869;V18;164;03;12,5mm;4,41;2;225;219;BF2D@HjLIVING-MA.117@r01@i164@p479092@l2250@n2@e4.41@d12.5@gCA50@s50.00@v@Gl330@w-90@l1470@w-90@l450@w0@C94@
LIVING-MA.117;21869;V18;165;04;12,5mm;10,00;2;510;507;BF2D@HjLIVING-MA.117@r01@i165@p479093@l5100@n2@e9.996@d12.5@gCA50@s50.00@v@Gl390@w-90@l4710@w0@C67@
LIVING-MA.117;21869;V18;166;05;12,5mm;3,09;1;315;315;BF2D@HjLIVING-MA.117@r01@i166@p479094@l3150@n1@e3.087@d12.5@gCA50@s50.00@v@Gl3150@w0@C70@
LIVING-MA.117;21869;V18;167;06;6,3mm;6,83;21;130;125;BF2D@HjLIVING-MA.117@r01@i167@p479095@l1300@n21@e6.825@d6.3@gCA50@s25.00@v@Gl60@w-120@l450@w-90@l140@w-90@l450@w-90@l140@w-120@l60@w0@C81@
LIVING-MA.117;21869;V18;168;07;6,3mm;2,98;7;170;165;BF2D@HjLIVING-MA.117@r01@i168@p479096@l1700@n7@e2.975@d6.3@gCA50@s25.00@v@Gl60@w-120@l650@w-90@l140@w-90@l650@w-90@l140@w-120@l60@w0@C81@
LIVING-MA.117;21869;V18;169;08;8mm;3,96;6;165;163;BF2D@HjLIVING-MA.117@r01@i169@p479097@l1650@n6@e3.96@d8.0@gCA50@s32.00@v@Gl130@w-90@l1520@w0@C76@
LIVING-MA.117;21869;V19;170;01;8mm;2,92;2;365;365;BF2D@HjLIVING-MA.117@r01@i170@p479099@l3650@n2@e2.92@d8.0@gCA50@s32.00@v@Gl3650@w0@C96@
LIVING-MA.117;21869;V19;171;02;12,5mm;3,92;2;200;197;BF2D@HjLIVING-MA.117@r01@i171@p479100@l2000@n2@e3.92@d12.5@gCA50@s50.00@v@Gl450@w-90@l1550@w0@C92@
LIVING-MA.117;21869;V19;172;03;16mm;10,22;3;213;209;BF2D@HjLIVING-MA.117@r01@i172@p479101@l2130@n3@e10.224@d16.0@gCA50@s240.00@v@Gl400@w-90@l1730@w0@C79@
LIVING-MA.117;21869;V19;173;04;12,5mm;42,04;6;715;709;BF2D@HjLIVING-MA.117@r01@i173@p479102@l7150@n6@e42.042@d12.5@gCA50@s50.00@v@Gl380@w-90@l6390@w-90@l380@w0@C78@
LIVING-MA.117;21869;V19;174;05;8mm;18,72;30;156;149;BF2D@HjLIVING-MA.117@r01@i174@p479103@l1560@n30@e18.72@d8.0@gCA50@s32.00@v@Gl80@w-120@l450@w-90@l250@w-90@l450@w-90@l250@w-120@l80@w0@C83@
LIVING-MA.117;21869;V20;175;01;8mm;2,04;2;255;255;BF2D@HjLIVING-MA.117@r01@i175@p479105@l2550@n2@e2.04@d8.0@gCA50@s32.00@v@Gl2550@w0@C82@
LIVING-MA.117;21869;V20;176;02;12,5mm;6,56;3;223;220;BF2D@HjLIVING-MA.117@r01@i176@p479106@l2230@n3@e6.556@d12.5@gCA50@s50.00@v@Gl380@w-90@l1850@w0@C78@
LIVING-MA.117;21869;V20;177;03;12,5mm;3,63;2;185;185;BF2D@HjLIVING-MA.117@r01@i177@p479107@l1850@n2@e3.626@d12.5@gCA50@s50.00@v@Gl1850@w0@C95@
LOCALIZADOR;PLAN.;ELEMENTO;OS;POSICAO;BITOLA;PESO (KG);QTDE;COMPR. UNIT.;Compr. Corte;QR CODE
LIVING-MA.117;21869;V20;178;04;12,5mm;5,29;4;135;123;BF2D@HjLIVING-MA.117@r01@i178@p479108@l1350@n4@e5.292@d12.5@gCA50@s50.00@v@Gl120@w90@l490@w-90@l120@w-90@l490@w90@l130@w0@C79@
LIVING-MA.117;21869;V20;179;05;16mm;20,32;2;635;627;BF2D@HjLIVING-MA.117@r01@i179@p479109@l6350@n2@e20.32@d16.0@gCA50@s240.00@v@Gl360@w-90@l5630@w-90@l360@w0@C81@
LIVING-MA.117;21869;V20;180;06;16mm;14,72;2;460;460;BF2D@HjLIVING-MA.117@r01@i180@p479110@l4600@n2@e14.72@d16.0@gCA50@s240.00@v@Gl4600@w0@C70@
LIVING-MA.117;21869;V20;181;07;8mm;18,76;35;134;127;BF2D@HjLIVING-MA.117@r01@i181@p479111@l1340@n35@e18.76@d8.0@gCA50@s32.00@v@Gl80@w-120@l450@w-90@l140@w-90@l450@w-90@l140@w-120@l80@w0@C85@
LIVING-MA.117;21869;V21;182;01;10mm;2,52;2;200;195;BF2D@HjLIVING-MA.117@r01@i182@p479113@l2000@n2@e2.52@d10.0@gCA50@s40.00@v@Gl270@w-90@l1460@w-90@l270@w0@C81@
LIVING-MA.117;21869;V21;183;02;12,5mm;4,63;2;236;230;BF2D@HjLIVING-MA.117@r01@i183@p479114@l2360@n2@e4.626@d12.5@gCA50@s50.00@v@Gl450@w-90@l1460@w-90@l450@w0@C69@
LIVING-MA.117;21869;V21;184;03;6,3mm;2,10;6;140;135;BF2D@HjLIVING-MA.117@r01@i184@p479115@l1400@n6@e2.1@d6.3@gCA50@s25.00@v@Gl60@w-120@l500@w-90@l140@w-90@l500@w-90@l140@w-120@l60@w0@C95@
LIVING-MA.117;21869;V23;193;01;20mm;72,75;6;485;485;BF2D@HjLIVING-MA.117@r01@i193@p479126@l4850@n6@e72.75@d20.0@gCA50@s300.00@v@Gl4850@w0@C74@
LIVING-MA.117;21869;V23;194;02;12,5mm;9,49;4;242;239;BF2D@HjLIVING-MA.117@r01@i194@p479127@l2420@n4@e9.486@d12.5@gCA50@s50.00@v@Gl350@w-90@l2070@w0@C76@
LIVING-MA.117;21869;V23;195;03;20mm;67,13;3;895;895;BF2D@HjLIVING-MA.117@r01@i195@p479128@l8950@n3@e67.125@d20.0@gCA50@s300.00@v@Gl8950@w0@C79@
LIVING-MA.117;21869;V23;196;04;20mm;27,25;2;545;545;BF2D@HjLIVING-MA.117@r01@i196@p479129@l5450@n2@e27.25@d20.0@gCA50@s300.00@v@Gl5450@w0@C83@
LIVING-MA.117;21869;V23;197;05;12,5mm;27,09;4;691;688;BF2D@HjLIVING-MA.117@r01@i197@p479130@l6910@n4@e27.087@d12.5@gCA50@s50.00@v@Gl380@w-90@l6530@w0@C82@
LIVING-MA.117;21869;V23;198;06;25mm;117,35;3;1003;996;BF2D@HjLIVING-MA.117@r01@i198@p479131@l10030@n3@e117.351@d25.0@gCA50@s375.00@v@Gl860@w-90@l9170@w0@C68@
LIVING-MA.117;21869;V23;199;07;25mm;250,34;7;917;917;BF2D@HjLIVING-MA.117@r01@i199@p479132@l9170@n7@e250.341@d25.0@gCA50@s375.00@v@Gl9170@w0@C91@
LIVING-MA.117;21869;V23;200;08;25mm;64,23;3;549;549;BF2D@HjLIVING-MA.117@r01@i200@p479133@l5490@n3@e64.233@d25.0@gCA50@s375.00@v@Gl5490@w0@C90@
LIVING-MA.117;21869;V23;201;09;12,5mm;9,11;2;465;465;BF2D@HjLIVING-MA.117@r01@i201@p479134@l4650@n2@e9.114@d12.5@gCA50@s50.00@v@Gl4650@w0@C75@
LIVING-MA.117;21869;V23;202;10;12,5mm;5,19;2;265;265;BF2D@HjLIVING-MA.117@r01@i202@p479135@l2650@n2@e5.194@d12.5@gCA50@s50.00@v@Gl2650@w0@C73@
LIVING-MA.117;21869;V23;203;11;12,5mm;19,99;4;510;507;BF2D@HjLIVING-MA.117@r01@i203@p479136@l5100@n4@e19.992@d12.5@gCA50@s50.00@v@Gl550@w-90@l4550@w0@C93@
LIVING-MA.117;21869;V23;204;12;10mm;9,45;15;100;95;BF2D@HjLIVING-MA.117@r01@i204@p479137@l1000@n15@e9.45@d10.0@gCA50@s40.00@v@Gl470@w-90@l60@w-90@l470@w0@C85@
LIVING-MA.117;21869;V23;205;13;8mm;247,80;175;354;347;BF2D@HjLIVING-MA.117@r01@i205@p479138@l3540@n175@e247.8@d8.0@gCA50@s32.00@v@Gl80@w-120@l140@w-90@l1550@w-90@l140@w-90@l1550@w-120@l80@w0@C83@
LIVING-MA.117;21869;V23;206;14;8mm;47,99;14;857;857;BF2D@HjLIVING-MA.117@r01@i206@p479139@l8570@n14@e47.992@d8.0@gCA50@s32.00@v@Gl8570@w0@C84@
LIVING-MA.117;21869;V23;207;15;8mm;24,58;14;439;439;BF2D@HjLIVING-MA.117@r01@i207@p479140@l4390@n14@e24.584@d8.0@gCA50@s32.00@v@Gl4390@w0@C75@
LIVING-MA.117;21869;V23;208;16;8mm;24,47;14;437;437;BF2D@HjLIVING-MA.117@r01@i208@p479141@l4370@n14@e24.472@d8.0@gCA50@s32.00@v@Gl4370@w0@C81@
LIVING-MA.117;21869;V25;212;01;12,5mm;14,90;4;380;380;BF2D@HjLIVING-MA.117@r01@i212@p479147@l3800@n4@e14.896@d12.5@gCA50@s50.00@v@Gl3800@w0@C78@
LIVING-MA.117;21869;V25;213;02;12,5mm;18,52;3;630;630;BF2D@HjLIVING-MA.117@r01@i213@p479148@l6300@n3@e18.522@d12.5@gCA50@s50.00@v@Gl6300@w0@C91@
LIVING-MA.117;21869;V25;214;03;12,5mm;5,68;2;290;290;BF2D@HjLIVING-MA.117@r01@i214@p479149@l2900@n2@e5.684@d12.5@gCA50@s50.00@v@Gl2900@w0@C65@
LIVING-MA.117;21869;V25;215;04;16mm;19,52;2;610;610;BF2D@HjLIVING-MA.117@r01@i215@p479150@l6100@n2@e19.52@d16.0@gCA50@s240.00@v@Gl6100@w0@C70@
LIVING-MA.117;21869;V25;216;05;12,5mm;6,37;2;325;325;BF2D@HjLIVING-MA.117@r01@i216@p479151@l3250@n2@e6.37@d12.5@gCA50@s50.00@v@Gl3250@w0@C95@
LIVING-MA.117;21869;V25;217;06;12,5mm;1,96;1;200;200;BF2D@HjLIVING-MA.117@r01@i217@p479152@l2000@n1@e1.96@d12.5@gCA50@s50.00@v@Gl2000@w0@C78@
LIVING-MA.117;21869;V25;218;07;12,5mm;23,42;2;1195;1195;BF2D@HjLIVING-MA.117@r01@i218@p479153@l11950@n2@e23.422@d12.5@gCA50@s50.00@v@Gl11950@w0@C82@
LIVING-MA.117;21869;V25;219;08;12,5mm;4,56;1;465;465;BF2D@HjLIVING-MA.117@r01@i219@p479154@l4650@n1@e4.557@d12.5@gCA50@s50.00@v@Gl4650@w0@C91@
LIVING-MA.117;21869;V25;220;09;12,5mm;3,97;1;405;405;BF2D@HjLIVING-MA.117@r01@i220@p479155@l4050@n1@e3.969@d12.5@gCA50@s50.00@v@Gl4050@w0@C72@
LIVING-MA.117;21869;V25;221;10;12,5mm;10,88;2;555;555;BF2D@HjLIVING-MA.117@r01@i221@p479156@l5550@n2@e10.878@d12.5@gCA50@s50.00@v@Gl5550@w0@C76@
LIVING-MA.117;21869;V25;222;11;12,5mm;4,02;1;410;410;BF2D@HjLIVING-MA.117@r01@i222@p479157@l4100@n1@e4.018@d12.5@gCA50@s50.00@v@Gl4100@w0@C90@
LIVING-MA.117;21869;V25;223;12;6,3mm;32,73;77;170;165;BF2D@HjLIVING-MA.117@r01@i223@p479158@l1700@n77@e32.725@d6.3@gCA50@s25.00@v@Gl60@w-120@l650@w-90@l140@w-90@l650@w-90@l140@w-120@l60@w0@C87@
LIVING-MA.117;21869;V25;224;13;8mm;14,76;6;615;615;BF2D@HjLIVING-MA.117@r01@i224@p479159@l6150@n6@e14.76@d8.0@gCA50@s32.00@v@Gl6150@w0@C78@
LIVING-MA.117;21869;V25;225;14;8mm;13,68;6;570;570;BF2D@HjLIVING-MA.117@r01@i225@p479160@l5700@n6@e13.68@d8.0@gCA50@s32.00@v@Gl5700@w0@C85@
LIVING-MA.117;21869;V25;226;15;8mm;12,84;6;535;535;BF2D@HjLIVING-MA.117@r01@i226@p479161@l5350@n6@e12.84@d8.0@gCA50@s32.00@v@Gl5350@w0@C84@
LIVING-MA.117;21869;V26;227;01;20mm;28,45;2;569;564;BF2D@HjLIVING-MA.117@r01@i227@p479163@l5690@n2@e28.45@d20.0@gCA50@s300.00@v@Gl580@w-90@l5110@w0@C66@
LIVING-MA.117;21869;V26;228;02;20mm;9,47;1;379;374;BF2D@HjLIVING-MA.117@r01@i228@p479164@l3790@n1@e9.475@d20.0@gCA50@s300.00@v@Gl580@w-90@l3210@w0@C93@
LIVING-MA.117;21869;V26;229;03;20mm;49,50;3;660;660;BF2D@HjLIVING-MA.117@r01@i229@p479165@l6600@n3@e49.5@d20.0@gCA50@s300.00@v@Gl6600@w0@C71@
LIVING-MA.117;21869;V26;230;04;20mm;59,25;6;395;395;BF2D@HjLIVING-MA.117@r01@i230@p479166@l3950@n6@e59.25@d20.0@gCA50@s300.00@v@Gl3950@w0@C78@
LIVING-MA.117;21869;V26;231;05;20mm;25,50;4;255;255;BF2D@HjLIVING-MA.117@r01@i231@p479167@l2550@n4@e25.5@d20.0@gCA50@s300.00@v@Gl2550@w0@C81@
LIVING-MA.117;21869;V26;232;06;20mm;49,13;3;655;655;BF2D@HjLIVING-MA.117@r01@i232@p479168@l6550@n3@e49.125@d20.0@gCA50@s300.00@v@Gl6550@w0@C95@
LIVING-MA.117;21869;V26;233;07;12,5mm;15,58;3;530;527;BF2D@HjLIVING-MA.117@r01@i233@p479169@l5300@n3@e15.582@d12.5@gCA50@s50.00@v@Gl550@w-90@l4750@w0@C90@
LIVING-MA.117;21869;V26;234;08;12,5mm;12,05;3;410;407;BF2D@HjLIVING-MA.117@r01@i234@p479170@l4100@n3@e12.054@d12.5@gCA50@s50.00@v@Gl550@w-90@l3550@w0@C80@
LIVING-MA.117;21869;V26;235;09;12,5mm;6,37;2;325;322;BF2D@HjLIVING-MA.117@r01@i235@p479171@l3250@n2@e6.37@d12.5@gCA50@s50.00@v@Gl550@w-90@l2700@w0@C74@
LIVING-MA.117;21869;V26;236;10;12,5mm;15,97;2;815;812;BF2D@HjLIVING-MA.117@r01@i236@p479172@l8150@n2@e15.974@d12.5@gCA50@s50.00@v@Gl550@w-90@l7600@w0@C86@
LIVING-MA.117;21869;V26;237;11;12,5mm;3,14;1;320;320;BF2D@HjLIVING-MA.117@r01@i237@p479173@l3200@n1@e3.136@d12.5@gCA50@s50.00@v@Gl3200@w0@C86@
LIVING-MA.117;21869;V26;238;12;20mm;36,50;2;730;730;BF2D@HjLIVING-MA.117@r01@i238@p479174@l7300@n2@e36.5@d20.0@gCA50@s300.00@v@Gl7300@w0@C80@
LIVING-MA.117;21869;V26;239;13;20mm;21,50;2;430;430;BF2D@HjLIVING-MA.117@r01@i239@p479175@l4300@n2@e21.5@d20.0@gCA50@s300.00@v@Gl4300@w0@C90@
LIVING-MA.117;21869;V26;240;14;20mm;16,75;2;335;335;BF2D@HjLIVING-MA.117@r01@i240@p479176@l3350@n2@e16.75@d20.0@gCA50@s300.00@v@Gl3350@w0@C94@
LIVING-MA.117;21869;V26;241;15;12,5mm;14,01;2;715;712;BF2D@HjLIVING-MA.117@r01@i241@p479177@l7150@n2@e14.014@d12.5@gCA50@s50.00@v@Gl550@w-90@l6600@w0@C71@
LIVING-MA.117;21869;V26;242;16;12,5mm;2,65;1;270;270;BF2D@HjLIVING-MA.117@r01@i242@p479178@l2700@n1@e2.646@d12.5@gCA50@s50.00@v@Gl2700@w0@C72@
LIVING-MA.117;21869;V26;243;17;8mm;70,30;101;174;167;BF2D@HjLIVING-MA.117@r01@i243@p479179@l1740@n101@e70.296@d8.0@gCA50@s32.00@v@Gl80@w-120@l650@w-90@l140@w-90@l650@w-90@l140@w-120@l80@w0@C68@
LIVING-MA.117;21869;V26;244;18;12,5mm;24,97;14;182;171;BF2D@HjLIVING-MA.117@r01@i244@p479180@l1820@n14@e24.97@d12.5@gCA50@s50.00@v@Gl120@w-120@l650@w-90@l140@w-90@l650@w-90@l140@w-120@l120@w0@C69@
LIVING-MA.117;21869;V26;245;19;10mm;20,18;18;178;169;BF2D@HjLIVING-MA.117@r01@i245@p479181@l1780@n18@e20.185@d10.0@gCA50@s40.00@v@Gl100@w-120@l650@w-90@l140@w-90@l650@w-90@l140@w-120@l100@w0@C92@
LOCALIZADOR;PLAN.;ELEMENTO;OS;POSICAO;BITOLA;PESO (KG);QTDE;COMPR. UNIT.;Compr. Corte;QR CODE
LIVING-MA.117;21869;V26;246;20;8mm;3,77;6;157;155;BF2D@HjLIVING-MA.117@r01@i246@p479182@l1570@n6@e3.768@d8.0@gCA50@s32.00@v@Gl130@w-90@l1440@w0@C93@
LIVING-MA.117;21869;V26;247;21;8mm;14,76;6;615;615;BF2D@HjLIVING-MA.117@r01@i247@p479183@l6150@n6@e14.76@d8.0@gCA50@s32.00@v@Gl6150@w0@C76@
LIVING-MA.117;21869;V26;248;22;10mm;21,77;6;576;576;BF2D@HjLIVING-MA.117@r01@i248@p479184@l5760@n6@e21.773@d10.0@gCA50@s40.00@v@Gl5760@w0@C68@
LIVING-MA.117;21869;V26;249;23;8mm;16,34;6;681;679;BF2D@HjLIVING-MA.117@r01@i249@p479185@l6810@n6@e16.344@d8.0@gCA50@s32.00@v@Gl130@w-90@l6680@w0@C96@
LIVING-MA.117;21869;V28;262;01;20mm;28,45;2;569;564;BF2D@HjLIVING-MA.117@r01@i262@p479200@l5690@n2@e28.45@d20.0@gCA50@s300.00@v@Gl580@w-90@l5110@w0@C75@
LIVING-MA.117;21869;V28;263;02;20mm;9,47;1;379;374;BF2D@HjLIVING-MA.117@r01@i263@p479201@l3790@n1@e9.475@d20.0@gCA50@s300.00@v@Gl580@w-90@l3210@w0@C70@
LIVING-MA.117;21869;V28;264;03;20mm;49,50;3;660;660;BF2D@HjLIVING-MA.117@r01@i264@p479202@l6600@n3@e49.5@d20.0@gCA50@s300.00@v@Gl6600@w0@C80@
LIVING-MA.117;21869;V28;265;04;20mm;59,25;6;395;395;BF2D@HjLIVING-MA.117@r01@i265@p479203@l3950@n6@e59.25@d20.0@gCA50@s300.00@v@Gl3950@w0@C78@
LIVING-MA.117;21869;V28;266;05;20mm;25,50;4;255;255;BF2D@HjLIVING-MA.117@r01@i266@p479204@l2550@n4@e25.5@d20.0@gCA50@s300.00@v@Gl2550@w0@C81@
LIVING-MA.117;21869;V28;267;06;20mm;49,13;3;655;655;BF2D@HjLIVING-MA.117@r01@i267@p479205@l6550@n3@e49.125@d20.0@gCA50@s300.00@v@Gl6550@w0@C95@
LIVING-MA.117;21869;V28;268;07;12,5mm;15,58;3;530;527;BF2D@HjLIVING-MA.117@r01@i268@p479206@l5300@n3@e15.582@d12.5@gCA50@s50.00@v@Gl550@w-90@l4750@w0@C90@
LIVING-MA.117;21869;V28;269;08;12,5mm;12,05;3;410;407;BF2D@HjLIVING-MA.117@r01@i269@p479207@l4100@n3@e12.054@d12.5@gCA50@s50.00@v@Gl550@w-90@l3550@w0@C71@
LIVING-MA.117;21869;V28;270;09;12,5mm;6,37;2;325;322;BF2D@HjLIVING-MA.117@r01@i270@p479208@l3250@n2@e6.37@d12.5@gCA50@s50.00@v@Gl550@w-90@l2700@w0@C74@
LIVING-MA.117;21869;V28;271;10;12,5mm;15,97;2;815;812;BF2D@HjLIVING-MA.117@r01@i271@p479209@l8150@n2@e15.974@d12.5@gCA50@s50.00@v@Gl550@w-90@l7600@w0@C86@
LIVING-MA.117;21869;V28;272;11;12,5mm;3,14;1;320;320;BF2D@HjLIVING-MA.117@r01@i272@p479210@l3200@n1@e3.136@d12.5@gCA50@s50.00@v@Gl3200@w0@C95@
LIVING-MA.117;21869;V28;273;12;20mm;36,50;2;730;730;BF2D@HjLIVING-MA.117@r01@i273@p479211@l7300@n2@e36.5@d20.0@gCA50@s300.00@v@Gl7300@w0@C89@
LIVING-MA.117;21869;V28;274;13;20mm;21,50;2;430;430;BF2D@HjLIVING-MA.117@r01@i274@p479212@l4300@n2@e21.5@d20.0@gCA50@s300.00@v@Gl4300@w0@C67@
LIVING-MA.117;21869;V28;275;14;20mm;16,75;2;335;335;BF2D@HjLIVING-MA.117@r01@i275@p479213@l3350@n2@e16.75@d20.0@gCA50@s300.00@v@Gl3350@w0@C94@
LIVING-MA.117;21869;V28;276;15;12,5mm;14,01;2;715;712;BF2D@HjLIVING-MA.117@r01@i276@p479214@l7150@n2@e14.014@d12.5@gCA50@s50.00@v@Gl550@w-90@l6600@w0@C71@
LIVING-MA.117;21869;V28;277;16;12,5mm;2,65;1;270;270;BF2D@HjLIVING-MA.117@r01@i277@p479215@l2700@n1@e2.646@d12.5@gCA50@s50.00@v@Gl2700@w0@C72@
LIVING-MA.117;21869;V28;278;17;8mm;70,30;101;174;167;BF2D@HjLIVING-MA.117@r01@i278@p479216@l1740@n101@e70.296@d8.0@gCA50@s32.00@v@Gl80@w-120@l650@w-90@l140@w-90@l650@w-90@l140@w-120@l80@w0@C68@
LIVING-MA.117;21869;V28;279;18;12,5mm;24,97;14;182;171;BF2D@HjLIVING-MA.117@r01@i279@p479217@l1820@n14@e24.97@d12.5@gCA50@s50.00@v@Gl120@w-120@l650@w-90@l140@w-90@l650@w-90@l140@w-120@l120@w0@C92@
LIVING-MA.117;21869;V28;280;19;10mm;20,18;18;178;169;BF2D@HjLIVING-MA.117@r01@i280@p479218@l1780@n18@e20.185@d10.0@gCA50@s40.00@v@Gl100@w-120@l650@w-90@l140@w-90@l650@w-90@l140@w-120@l100@w0@C92@
LIVING-MA.117;21869;V28;281;20;8mm;3,77;6;157;155;BF2D@HjLIVING-MA.117@r01@i281@p479219@l1570@n6@e3.768@d8.0@gCA50@s32.00@v@Gl130@w-90@l1440@w0@C93@
LIVING-MA.117;21869;V28;282;21;8mm;14,76;6;615;615;BF2D@HjLIVING-MA.117@r01@i282@p479220@l6150@n6@e14.76@d8.0@gCA50@s32.00@v@Gl6150@w0@C85@
LIVING-MA.117;21869;V28;283;22;10mm;21,77;6;576;576;BF2D@HjLIVING-MA.117@r01@i283@p479221@l5760@n6@e21.773@d10.0@gCA50@s40.00@v@Gl5760@w0@C77@
LIVING-MA.117;21869;V28;284;23;8mm;16,34;6;681;679;BF2D@HjLIVING-MA.117@r01@i284@p479222@l6810@n6@e16.344@d8.0@gCA50@s32.00@v@Gl130@w-90@l6680@w0@C73@
LIVING-MA.117;21869;V30;297;01;20mm;28,45;2;569;564;BF2D@HjLIVING-MA.117@r01@i297@p479237@l5690@n2@e28.45@d20.0@gCA50@s300.00@v@Gl580@w-90@l5110@w0@C89@
LIVING-MA.117;21869;V30;298;02;20mm;9,47;1;379;374;BF2D@HjLIVING-MA.117@r01@i298@p479238@l3790@n1@e9.475@d20.0@gCA50@s300.00@v@Gl580@w-90@l3210@w0@C84@
LIVING-MA.117;21869;V30;299;03;20mm;49,50;3;660;660;BF2D@HjLIVING-MA.117@r01@i299@p479239@l6600@n3@e49.5@d20.0@gCA50@s300.00@v@Gl6600@w0@C94@
LIVING-MA.117;21869;V30;300;04;20mm;59,25;6;395;395;BF2D@HjLIVING-MA.117@r01@i300@p479240@l3950@n6@e59.25@d20.0@gCA50@s300.00@v@Gl3950@w0@C87@
LIVING-MA.117;21869;V30;301;05;20mm;25,50;4;255;255;BF2D@HjLIVING-MA.117@r01@i301@p479241@l2550@n4@e25.5@d20.0@gCA50@s300.00@v@Gl2550@w0@C90@
LIVING-MA.117;21869;V30;302;06;20mm;49,13;3;655;655;BF2D@HjLIVING-MA.117@r01@i302@p479242@l6550@n3@e49.125@d20.0@gCA50@s300.00@v@Gl6550@w0@C72@
LIVING-MA.117;21869;V30;303;07;12,5mm;15,58;3;530;527;BF2D@HjLIVING-MA.117@r01@i303@p479243@l5300@n3@e15.582@d12.5@gCA50@s50.00@v@Gl550@w-90@l4750@w0@C67@
LIVING-MA.117;21869;V30;304;08;12,5mm;12,05;3;410;407;BF2D@HjLIVING-MA.117@r01@i304@p479244@l4100@n3@e12.054@d12.5@gCA50@s50.00@v@Gl550@w-90@l3550@w0@C80@
LIVING-MA.117;21869;V30;305;09;12,5mm;6,37;2;325;322;BF2D@HjLIVING-MA.117@r01@i305@p479245@l3250@n2@e6.37@d12.5@gCA50@s50.00@v@Gl550@w-90@l2700@w0@C74@
LIVING-MA.117;21869;V30;306;10;12,5mm;15,97;2;815;812;BF2D@HjLIVING-MA.117@r01@i306@p479246@l8150@n2@e15.974@d12.5@gCA50@s50.00@v@Gl550@w-90@l7600@w0@C86@
LIVING-MA.117;21869;V30;307;11;12,5mm;3,14;1;320;320;BF2D@HjLIVING-MA.117@r01@i307@p479247@l3200@n1@e3.136@d12.5@gCA50@s50.00@v@Gl3200@w0@C86@
LIVING-MA.117;21869;V30;308;12;20mm;36,50;2;730;730;BF2D@HjLIVING-MA.117@r01@i308@p479248@l7300@n2@e36.5@d20.0@gCA50@s300.00@v@Gl7300@w0@C80@
LIVING-MA.117;21869;V30;309;13;20mm;21,50;2;430;430;BF2D@HjLIVING-MA.117@r01@i309@p479249@l4300@n2@e21.5@d20.0@gCA50@s300.00@v@Gl4300@w0@C90@
LIVING-MA.117;21869;V30;310;14;20mm;16,75;2;335;335;BF2D@HjLIVING-MA.117@r01@i310@p479250@l3350@n2@e16.75@d20.0@gCA50@s300.00@v@Gl3350@w0@C71@
LIVING-MA.117;21869;V30;311;15;12,5mm;14,01;2;715;712;BF2D@HjLIVING-MA.117@r01@i311@p479251@l7150@n2@e14.014@d12.5@gCA50@s50.00@v@Gl550@w-90@l6600@w0@C80@
LIVING-MA.117;21869;V30;312;16;12,5mm;2,65;1;270;270;BF2D@HjLIVING-MA.117@r01@i312@p479252@l2700@n1@e2.646@d12.5@gCA50@s50.00@v@Gl2700@w0@C81@
LIVING-MA.117;21869;V30;313;17;8mm;70,30;101;174;167;BF2D@HjLIVING-MA.117@r01@i313@p479253@l1740@n101@e70.296@d8.0@gCA50@s32.00@v@Gl80@w-120@l650@w-90@l140@w-90@l650@w-90@l140@w-120@l80@w0@C77@
LIVING-MA.117;21869;V30;314;18;12,5mm;24,97;14;182;171;BF2D@HjLIVING-MA.117@r01@i314@p479254@l1820@n14@e24.97@d12.5@gCA50@s50.00@v@Gl120@w-120@l650@w-90@l140@w-90@l650@w-90@l140@w-120@l120@w0@C69@
LIVING-MA.117;21869;V30;315;19;10mm;20,18;18;178;169;BF2D@HjLIVING-MA.117@r01@i315@p479255@l1780@n18@e20.185@d10.0@gCA50@s40.00@v@Gl100@w-120@l650@w-90@l140@w-90@l650@w-90@l140@w-120@l100@w0@C92@
LIVING-MA.117;21869;V30;316;20;8mm;3,77;6;157;155;BF2D@HjLIVING-MA.117@r01@i316@p479256@l1570@n6@e3.768@d8.0@gCA50@s32.00@v@Gl130@w-90@l1440@w0@C93@
LIVING-MA.117;21869;V30;317;21;8mm;14,76;6;615;615;BF2D@HjLIVING-MA.117@r01@i317@p479257@l6150@n6@e14.76@d8.0@gCA50@s32.00@v@Gl6150@w0@C76@
LIVING-MA.117;21869;V30;318;22;10mm;21,77;6;576;576;BF2D@HjLIVING-MA.117@r01@i318@p479258@l5760@n6@e21.773@d10.0@gCA50@s40.00@v@Gl5760@w0@C68@
LIVING-MA.117;21869;V30;319;23;8mm;16,34;6;681;679;BF2D@HjLIVING-MA.117@r01@i319@p479259@l6810@n6@e16.344@d8.0@gCA50@s32.00@v@Gl130@w-90@l6680@w0@C96@
LIVING-MA.117;21869;V32;345;01;12,5mm;5,00;2;255;249;BF2D@HjLIVING-MA.117@r01@i345@p479287@l2550@n2@e4.998@d12.5@gCA50@s50.00@v@Gl370@w-90@l1810@w-90@l370@w0@C76@
LIVING-MA.117;21869;V32;346;02;12,5mm;5,12;2;261;255;BF2D@HjLIVING-MA.117@r01@i346@p479288@l2610@n2@e5.116@d12.5@gCA50@s50.00@v@Gl400@w-90@l1810@w-90@l400@w0@C74@
LIVING-MA.117;21869;V32;347;03;6,3mm;2,60;8;130;125;BF2D@HjLIVING-MA.117@r01@i347@p479289@l1300@n8@e2.6@d6.3@gCA50@s25.00@v@Gl60@w-120@l450@w-90@l140@w-90@l450@w-90@l140@w-120@l60@w0@C68@
LIVING-MA.117;21869;V32;348;04;5mm;1,18;4;184;184;BF2D@HjLIVING-MA.117@r01@i348@p479290@l1840@n4@e1.178@d5.0@gCA60@s20.00@v@Gl1840@w0@C81@
LIVING-MA.117;21869;V33;349;01;12,5mm;3,67;2;187;184;BF2D@HjLIVING-MA.117@r01@i349@p479292@l1870@n2@e3.665@d12.5@gCA50@s50.00@v@Gl380@w-90@l1490@w0@C96@
LIVING-MA.117;21869;V33;350;02;20mm;44,63;3;595;595;BF2D@HjLIVING-MA.117@r01@i350@p479293@l5950@n3@e44.625@d20.0@gCA50@s300.00@v@Gl5950@w0@C89@
LIVING-MA.117;21869;V33;351;03;12,5mm;3,63;2;185;182;BF2D@HjLIVING-MA.117@r01@i351@p479294@l1850@n2@e3.626@d12.5@gCA50@s50.00@v@Gl380@w-90@l1470@w0@C76@
LOCALIZADOR;PLAN.;ELEMENTO;OS;POSICAO;BITOLA;PESO (KG);QTDE;COMPR. UNIT.;Compr. Corte;QR CODE
LIVING-MA.117;21869;V33;352;04;12,5mm;13,25;2;676;670;BF2D@HjLIVING-MA.117@r01@i352@p479295@l6760@n2@e13.25@d12.5@gCA50@s50.00@v@Gl390@w-90@l5980@w-90@l390@w0@C75@
LIVING-MA.117;21869;V33;353;05;6,3mm;9,75;30;130;125;BF2D@HjLIVING-MA.117@r01@i353@p479296@l1300@n30@e9.75@d6.3@gCA50@s25.00@v@Gl60@w-120@l450@w-90@l140@w-90@l450@w-90@l140@w-120@l60@w0@C65@
LIVING-MA.117;21869;V33;354;06;5mm;3,83;4;598;598;BF2D@HjLIVING-MA.117@r01@i354@p479297@l5980@n4@e3.827@d5.0@gCA60@s20.00@v@Gl5980@w0@C88@
LIVING-MA.117;21869;V27;250;01;16mm;15,36;2;480;480;BF2D@HjLIVING-MA.117@r01@i250@p479187@l4800@n2@e15.36@d16.0@gCA50@s240.00@v@Gl4800@w0@C85@
LIVING-MA.117;21869;V27;251;02;12,5mm;3,76;2;192;189;BF2D@HjLIVING-MA.117@r01@i251@p479188@l1920@n2@e3.763@d12.5@gCA50@s50.00@v@Gl380@w-90@l1540@w0@C77@
LIVING-MA.117;21869;V27;252;03;16mm;17,09;2;534;534;BF2D@HjLIVING-MA.117@r01@i252@p479189@l5340@n2@e17.088@d16.0@gCA50@s240.00@v@Gl5340@w0@C88@
LIVING-MA.117;21869;V27;253;04;6,3mm;2,45;2;490;490;BF2D@HjLIVING-MA.117@r01@i253@p479190@l4900@n2@e2.45@d6.3@gCA50@s25.00@v@Gl4900@w0@C71@
LIVING-MA.117;21869;V27;254;05;16mm;19,01;2;594;594;BF2D@HjLIVING-MA.117@r01@i254@p479191@l5940@n2@e19.008@d16.0@gCA50@s240.00@v@Gl5940@w0@C87@
LIVING-MA.117;21869;V27;255;06;12,5mm;5,59;3;190;187;BF2D@HjLIVING-MA.117@r01@i255@p479192@l1900@n3@e5.586@d12.5@gCA50@s50.00@v@Gl380@w-90@l1520@w0@C76@
LIVING-MA.117;21869;V27;256;07;16mm;53,82;4;841;837;BF2D@HjLIVING-MA.117@r01@i256@p479193@l8410@n4@e53.824@d16.0@gCA50@s240.00@v@Gl460@w-90@l7950@w0@C92@
LIVING-MA.117;21869;V27;257;08;16mm;8,08;1;505;505;BF2D@HjLIVING-MA.117@r01@i257@p479194@l5050@n1@e8.08@d16.0@gCA50@s240.00@v@Gl5050@w0@C68@
LIVING-MA.117;21869;V27;258;09;12,5mm;4,70;2;240;240;BF2D@HjLIVING-MA.117@r01@i258@p479195@l2400@n2@e4.704@d12.5@gCA50@s50.00@v@Gl2400@w0@C74@
LIVING-MA.117;21869;V27;259;10;16mm;19,20;2;600;600;BF2D@HjLIVING-MA.117@r01@i259@p479196@l6000@n2@e19.2@d16.0@gCA50@s240.00@v@Gl6000@w0@C75@
LIVING-MA.117;21869;V27;260;11;6,3mm;32,25;86;150;145;BF2D@HjLIVING-MA.117@r01@i260@p479197@l1500@n86@e32.25@d6.3@gCA50@s25.00@v@Gl60@w-120@l550@w-90@l140@w-90@l550@w-90@l140@w-120@l60@w0@C78@
LIVING-MA.117;21869;V27;261;12;5mm;7,54;6;785;785;BF2D@HjLIVING-MA.117@r01@i261@p479198@l7850@n6@e7.536@d5.0@gCA60@s20.00@v@Gl7850@w0@C92@
LIVING-MA.117;21869;V29;285;01;16mm;15,36;2;480;480;BF2D@HjLIVING-MA.117@r01@i285@p479224@l4800@n2@e15.36@d16.0@gCA50@s240.00@v@Gl4800@w0@C85@
LIVING-MA.117;21869;V29;286;02;12,5mm;3,76;2;192;189;BF2D@HjLIVING-MA.117@r01@i286@p479225@l1920@n2@e3.763@d12.5@gCA50@s50.00@v@Gl380@w-90@l1540@w0@C77@
LIVING-MA.117;21869;V29;287;03;16mm;17,09;2;534;534;BF2D@HjLIVING-MA.117@r01@i287@p479226@l5340@n2@e17.088@d16.0@gCA50@s240.00@v@Gl5340@w0@C88@
LIVING-MA.117;21869;V29;288;04;6,3mm;2,45;2;490;490;BF2D@HjLIVING-MA.117@r01@i288@p479227@l4900@n2@e2.45@d6.3@gCA50@s25.00@v@Gl4900@w0@C94@
LIVING-MA.117;21869;V29;289;05;16mm;19,01;2;594;594;BF2D@HjLIVING-MA.117@r01@i289@p479228@l5940@n2@e19.008@d16.0@gCA50@s240.00@v@Gl5940@w0@C78@
LIVING-MA.117;21869;V29;290;06;12,5mm;5,59;3;190;187;BF2D@HjLIVING-MA.117@r01@i290@p479229@l1900@n3@e5.586@d12.5@gCA50@s50.00@v@Gl380@w-90@l1520@w0@C76@
LIVING-MA.117;21869;V29;291;07;16mm;53,82;4;841;837;BF2D@HjLIVING-MA.117@r01@i291@p479230@l8410@n4@e53.824@d16.0@gCA50@s240.00@v@Gl460@w-90@l7950@w0@C69@
LIVING-MA.117;21869;V29;292;08;16mm;8,08;1;505;505;BF2D@HjLIVING-MA.117@r01@i292@p479231@l5050@n1@e8.08@d16.0@gCA50@s240.00@v@Gl5050@w0@C77@
LIVING-MA.117;21869;V29;293;09;12,5mm;4,70;2;240;240;BF2D@HjLIVING-MA.117@r01@i293@p479232@l2400@n2@e4.704@d12.5@gCA50@s50.00@v@Gl2400@w0@C83@
LIVING-MA.117;21869;V29;294;10;16mm;19,20;2;600;600;BF2D@HjLIVING-MA.117@r01@i294@p479233@l6000@n2@e19.2@d16.0@gCA50@s240.00@v@Gl6000@w0@C84@
LIVING-MA.117;21869;V29;295;11;6,3mm;32,25;86;150;145;BF2D@HjLIVING-MA.117@r01@i295@p479234@l1500@n86@e32.25@d6.3@gCA50@s25.00@v@Gl60@w-120@l550@w-90@l140@w-90@l550@w-90@l140@w-120@l60@w0@C78@
LIVING-MA.117;21869;V29;296;12;5mm;7,54;6;785;785;BF2D@HjLIVING-MA.117@r01@i296@p479235@l7850@n6@e7.536@d5.0@gCA60@s20.00@v@Gl7850@w0@C92@
LIVING-MA.117;21869;V31;320;01;12,5mm;19,17;3;652;652;BF2D@HjLIVING-MA.117@r01@i320@p479261@l6520@n3@e19.169@d12.5@gCA50@s50.00@v@Gl6520@w0@C80@
LIVING-MA.117;21869;V31;321;02;12,5mm;5,88;3;200;200;BF2D@HjLIVING-MA.117@r01@i321@p479262@l2000@n3@e5.88@d12.5@gCA50@s50.00@v@Gl2000@w0@C73@
LIVING-MA.117;21869;V31;322;03;6,3mm;1,13;2;225;225;BF2D@HjLIVING-MA.117@r01@i322@p479263@l2250@n2@e1.125@d6.3@gCA50@s25.00@v@Gl2250@w0@C67@
LIVING-MA.117;21869;V31;323;04;12,5mm;8,97;3;305;305;BF2D@HjLIVING-MA.117@r01@i323@p479264@l3050@n3@e8.967@d12.5@gCA50@s50.00@v@Gl3050@w0@C96@
LIVING-MA.117;21869;V31;324;05;12,5mm;3,53;2;180;180;BF2D@HjLIVING-MA.117@r01@i324@p479265@l1800@n2@e3.528@d12.5@gCA50@s50.00@v@Gl1800@w0@C73@
LIVING-MA.117;21869;V31;325;06;25mm;54,99;2;705;705;BF2D@HjLIVING-MA.117@r01@i325@p479266@l7050@n2@e54.99@d25.0@gCA50@s375.00@v@Gl7050@w0@C95@
LIVING-MA.117;21869;V31;326;07;12,5mm;12,74;2;650;650;BF2D@HjLIVING-MA.117@r01@i326@p479267@l6500@n2@e12.74@d12.5@gCA50@s50.00@v@Gl6500@w0@C69@
LIVING-MA.117;21869;V31;327;08;12,5mm;14,90;4;380;380;BF2D@HjLIVING-MA.117@r01@i327@p479268@l3800@n4@e14.896@d12.5@gCA50@s50.00@v@Gl3800@w0@C67@
LIVING-MA.117;21869;V31;328;09;16mm;32,00;2;1000;1000;BF2D@HjLIVING-MA.117@r01@i328@p479269@l10000@n2@e32@d16.0@gCA50@s240.00@v@Gl10000@w0@C92@
LIVING-MA.117;21869;V31;329;10;16mm;5,84;1;365;365;BF2D@HjLIVING-MA.117@r01@i329@p479270@l3650@n1@e5.84@d16.0@gCA50@s240.00@v@Gl3650@w0@C96@
LIVING-MA.117;21869;V31;330;11;16mm;4,48;1;280;280;BF2D@HjLIVING-MA.117@r01@i330@p479271@l2800@n1@e4.48@d16.0@gCA50@s240.00@v@Gl2800@w0@C80@
LIVING-MA.117;21869;V31;331;12;12,5mm;3,23;2;165;165;BF2D@HjLIVING-MA.117@r01@i331@p479272@l1650@n2@e3.234@d12.5@gCA50@s50.00@v@Gl1650@w0@C77@
LIVING-MA.117;21869;V31;332;13;12,5mm;22,05;2;1125;1125;BF2D@HjLIVING-MA.117@r01@i332@p479273@l11250@n2@e22.05@d12.5@gCA50@s50.00@v@Gl11250@w0@C84@
LIVING-MA.117;21869;V31;333;14;12,5mm;10,98;4;280;280;BF2D@HjLIVING-MA.117@r01@i333@p479274@l2800@n4@e10.976@d12.5@gCA50@s50.00@v@Gl2800@w0@C80@
LIVING-MA.117;21869;V31;334;15;12,5mm;9,80;2;500;500;BF2D@HjLIVING-MA.117@r01@i334@p479275@l5000@n2@e9.8@d12.5@gCA50@s50.00@v@Gl5000@w0@C80@
LIVING-MA.117;21869;V31;335;16;12,5mm;22,93;2;1170;1170;BF2D@HjLIVING-MA.117@r01@i335@p479276@l11700@n2@e22.932@d12.5@gCA50@s50.00@v@Gl11700@w0@C85@
LIVING-MA.117;21869;V31;336;17;12,5mm;4,17;1;425;425;BF2D@HjLIVING-MA.117@r01@i336@p479277@l4250@n1@e4.165@d12.5@gCA50@s50.00@v@Gl4250@w0@C66@
LIVING-MA.117;21869;V31;337;18;12,5mm;13,52;2;690;690;BF2D@HjLIVING-MA.117@r01@i337@p479278@l6900@n2@e13.524@d12.5@gCA50@s50.00@v@Gl6900@w0@C72@
LIVING-MA.117;21869;V31;338;19;12,5mm;3,92;1;400;400;BF2D@HjLIVING-MA.117@r01@i338@p479279@l4000@n1@e3.92@d12.5@gCA50@s50.00@v@Gl4000@w0@C94@
LIVING-MA.117;21869;V31;339;20;6,3mm;57,38;135;170;165;BF2D@HjLIVING-MA.117@r01@i339@p479280@l1700@n135@e57.375@d6.3@gCA50@s25.00@v@Gl60@w-120@l650@w-90@l140@w-90@l650@w-90@l140@w-120@l60@w0@C96@
LIVING-MA.117;21869;V31;340;21;8mm;9,29;6;387;387;BF2D@HjLIVING-MA.117@r01@i340@p479281@l3870@n6@e9.288@d8.0@gCA50@s32.00@v@Gl3870@w0@C94@
LIVING-MA.117;21869;V31;341;22;8mm;17,83;6;743;743;BF2D@HjLIVING-MA.117@r01@i341@p479282@l7430@n6@e17.832@d8.0@gCA50@s32.00@v@Gl7430@w0@C90@
LIVING-MA.117;21869;V31;342;23;8mm;14,76;6;615;615;BF2D@HjLIVING-MA.117@r01@i342@p479283@l6150@n6@e14.76@d8.0@gCA50@s32.00@v@Gl6150@w0@C79@
LIVING-MA.117;21869;V31;343;24;8mm;13,68;6;570;570;BF2D@HjLIVING-MA.117@r01@i343@p479284@l5700@n6@e13.68@d8.0@gCA50@s32.00@v@Gl5700@w0@C77@
LIVING-MA.117;21869;V31;344;25;8mm;16,08;6;670;670;BF2D@HjLIVING-MA.117@r01@i344@p479285@l6700@n6@e16.08@d8.0@gCA50@s32.00@v@Gl6700@w0@C76@
LIVING-MA.117;21869;V34;355;01;12,5mm;10,13;2;517;511;BF2D@HjLIVING-MA.117@r01@i355@p479299@l5170@n2@e10.133@d12.5@gCA50@s50.00@v@Gl400@w-90@l4370@w-90@l400@w0@C85@
LIVING-MA.117;21869;V34;356;02;12,5mm;2,85;1;291;288;BF2D@HjLIVING-MA.117@r01@i356@p479300@l2910@n1@e2.852@d12.5@gCA50@s50.00@v@Gl400@w-90@l2510@w0@C65@
LIVING-MA.117;21869;V34;357;03;12,5mm;10,33;2;527;521;BF2D@HjLIVING-MA.117@r01@i357@p479301@l5270@n2@e10.329@d12.5@gCA50@s50.00@v@Gl450@w-90@l4370@w-90@l450@w0@C81@
LIVING-MA.117;21869;V34;358;04;12,5mm;3,04;1;310;310;BF2D@HjLIVING-MA.117@r01@i358@p479302@l3100@n1@e3.038@d12.5@gCA50@s50.00@v@Gl3100@w0@C89@
LIVING-MA.117;21869;V34;359;05;6,3mm;7,15;22;130;125;BF2D@HjLIVING-MA.117@r01@i359@p479303@l1300@n22@e7.15@d6.3@gCA50@s25.00@v@Gl60@w-120@l450@w-90@l140@w-90@l450@w-90@l140@w-120@l60@w0@C77@
LOCALIZADOR;PLAN.;ELEMENTO;OS;POSICAO;BITOLA;PESO (KG);QTDE;COMPR. UNIT.;Compr. Corte;QR CODE
LIVING-MA.117;21869;V35;360;01;12,5mm;6,68;2;341;338;BF2D@HjLIVING-MA.117@r01@i360@p479305@l3410@n2@e6.684@d12.5@gCA50@s50.00@v@Gl140@w-90@l3270@w0@C88@
LIVING-MA.117;21869;V35;361;02;12,5mm;14,50;4;370;370;BF2D@HjLIVING-MA.117@r01@i361@p479306@l3700@n4@e14.504@d12.5@gCA50@s50.00@v@Gl3700@w0@C92@
LIVING-MA.117;21869;V35;362;03;8mm;2,28;2;285;285;BF2D@HjLIVING-MA.117@r01@i362@p479307@l2850@n2@e2.28@d8.0@gCA50@s32.00@v@Gl2850@w0@C68@
LIVING-MA.117;21869;V35;363;04;20mm;40,50;3;540;540;BF2D@HjLIVING-MA.117@r01@i363@p479308@l5400@n3@e40.5@d20.0@gCA50@s300.00@v@Gl5400@w0@C88@
LIVING-MA.117;21869;V35;364;05;20mm;30,75;3;410;410;BF2D@HjLIVING-MA.117@r01@i364@p479309@l4100@n3@e30.75@d20.0@gCA50@s300.00@v@Gl4100@w0@C72@
LIVING-MA.117;21869;V35;365;06;20mm;13,75;2;275;275;BF2D@HjLIVING-MA.117@r01@i365@p479310@l2750@n2@e13.75@d20.0@gCA50@s300.00@v@Gl2750@w0@C93@
LIVING-MA.117;21869;V35;366;07;25mm;46,80;2;600;600;BF2D@HjLIVING-MA.117@r01@i366@p479311@l6000@n2@e46.8@d25.0@gCA50@s375.00@v@Gl6000@w0@C72@
LIVING-MA.117;21869;V35;367;08;25mm;35,88;2;460;460;BF2D@HjLIVING-MA.117@r01@i367@p479312@l4600@n2@e35.88@d25.0@gCA50@s375.00@v@Gl4600@w0@C72@
LIVING-MA.117;21869;V35;368;09;25mm;24,96;2;320;320;BF2D@HjLIVING-MA.117@r01@i368@p479313@l3200@n2@e24.96@d25.0@gCA50@s375.00@v@Gl3200@w0@C83@
LIVING-MA.117;21869;V35;369;10;16mm;13,60;2;425;425;BF2D@HjLIVING-MA.117@r01@i369@p479314@l4250@n2@e13.6@d16.0@gCA50@s240.00@v@Gl4250@w0@C73@
LIVING-MA.117;21869;V35;370;11;16mm;3,92;1;245;245;BF2D@HjLIVING-MA.117@r01@i370@p479315@l2450@n1@e3.92@d16.0@gCA50@s240.00@v@Gl2450@w0@C77@
LIVING-MA.117;21869;V35;371;12;12,5mm;8,92;2;455;455;BF2D@HjLIVING-MA.117@r01@i371@p479316@l4550@n2@e8.918@d12.5@gCA50@s50.00@v@Gl4550@w0@C88@
LIVING-MA.117;21869;V35;372;13;12,5mm;1,96;1;200;200;BF2D@HjLIVING-MA.117@r01@i372@p479317@l2000@n1@e1.96@d12.5@gCA50@s50.00@v@Gl2000@w0@C73@
LIVING-MA.117;21869;V35;373;14;12,5mm;19,40;2;990;990;BF2D@HjLIVING-MA.117@r01@i373@p479318@l9900@n2@e19.404@d12.5@gCA50@s50.00@v@Gl9900@w0@C68@
LIVING-MA.117;21869;V35;374;15;12,5mm;1,76;1;180;180;BF2D@HjLIVING-MA.117@r01@i374@p479319@l1800@n1@e1.764@d12.5@gCA50@s50.00@v@Gl1800@w0@C69@
LIVING-MA.117;21869;V35;375;16;12,5mm;12,70;2;648;645;BF2D@HjLIVING-MA.117@r01@i375@p479320@l6480@n2@e12.701@d12.5@gCA50@s50.00@v@Gl540@w-90@l5940@w0@C94@
LIVING-MA.117;21869;V35;376;17;12,5mm;3,33;1;340;340;BF2D@HjLIVING-MA.117@r01@i376@p479321@l3400@n1@e3.332@d12.5@gCA50@s50.00@v@Gl3400@w0@C85@
LIVING-MA.117;21869;V35;377;18;16mm;28,96;2;905;905;BF2D@HjLIVING-MA.117@r01@i377@p479322@l9050@n2@e28.96@d16.0@gCA50@s240.00@v@Gl9050@w0@C70@
LIVING-MA.117;21869;V35;378;19;16mm;22,08;2;690;690;BF2D@HjLIVING-MA.117@r01@i378@p479323@l6900@n2@e22.08@d16.0@gCA50@s240.00@v@Gl6900@w0@C79@
LIVING-MA.117;21869;V35;379;20;16mm;12,48;2;390;390;BF2D@HjLIVING-MA.117@r01@i379@p479324@l3900@n2@e12.48@d16.0@gCA50@s240.00@v@Gl3900@w0@C80@
LIVING-MA.117;21869;V35;380;21;12,5mm;15,19;2;775;775;BF2D@HjLIVING-MA.117@r01@i380@p479325@l7750@n2@e15.19@d12.5@gCA50@s50.00@v@Gl7750@w0@C88@
LIVING-MA.117;21869;V35;381;22;12,5mm;21,27;2;1085;1085;BF2D@HjLIVING-MA.117@r01@i381@p479326@l10850@n2@e21.266@d12.5@gCA50@s50.00@v@Gl10850@w0@C79@
LIVING-MA.117;21869;V35;382;23;8mm;127,37;183;174;167;BF2D@HjLIVING-MA.117@r01@i382@p479327@l1740@n183@e127.368@d8.0@gCA50@s32.00@v@Gl80@w-120@l650@w-90@l140@w-90@l650@w-90@l140@w-120@l80@w0@C72@
LIVING-MA.117;21869;V35;383;24;8mm;16,70;24;174;167;BF2D@HjLIVING-MA.117@r01@i383@p479328@l1740@n24@e16.704@d8.0@gCA50@s32.00@v@Gl80@w-120@l650@w-90@l140@w-90@l650@w-90@l140@w-120@l80@w0@C85@
LIVING-MA.117;21869;V35;384;25;8mm;14,50;6;604;604;BF2D@HjLIVING-MA.117@r01@i384@p479329@l6040@n6@e14.496@d8.0@gCA50@s32.00@v@Gl6040@w0@C86@
LIVING-MA.117;21869;V35;385;26;8mm;17,78;6;741;741;BF2D@HjLIVING-MA.117@r01@i385@p479330@l7410@n6@e17.784@d8.0@gCA50@s32.00@v@Gl7410@w0@C86@
LIVING-MA.117;21869;V35;386;27;8mm;12,14;6;506;506;BF2D@HjLIVING-MA.117@r01@i386@p479331@l5060@n6@e12.144@d8.0@gCA50@s32.00@v@Gl5060@w0@C69@
LIVING-MA.117;21869;V35;387;28;8mm;13,32;6;555;555;BF2D@HjLIVING-MA.117@r01@i387@p479332@l5550@n6@e13.32@d8.0@gCA50@s32.00@v@Gl5550@w0@C78@
LIVING-MA.117;21869;V35;388;29;8mm;19,18;6;799;799;BF2D@HjLIVING-MA.117@r01@i388@p479333@l7990@n6@e19.176@d8.0@gCA50@s32.00@v@Gl7990@w0@C89@
LIVING-MA.117;21869;V36;389;01;6,3mm;2,55;2;510;510;BF2D@HjLIVING-MA.117@r01@i389@p479335@l5100@n2@e2.55@d6.3@gCA50@s25.00@v@Gl5100@w0@C73@
LIVING-MA.117;21869;V36;390;02;12,5mm;10,44;3;355;352;BF2D@HjLIVING-MA.117@r01@i390@p479336@l3550@n3@e10.437@d12.5@gCA50@s50.00@v@Gl500@w-90@l3050@w0@C72@
LIVING-MA.117;21869;V36;391;03;12,5mm;5,88;2;300;297;BF2D@HjLIVING-MA.117@r01@i391@p479337@l3000@n2@e5.88@d12.5@gCA50@s50.00@v@Gl500@w-90@l2500@w0@C76@
LIVING-MA.117;21869;V36;392;04;12,5mm;10,62;2;542;542;BF2D@HjLIVING-MA.117@r01@i392@p479338@l5420@n2@e10.623@d12.5@gCA50@s50.00@v@Gl5420@w0@C85@
LIVING-MA.117;21869;V36;393;05;12,5mm;7,53;2;384;384;BF2D@HjLIVING-MA.117@r01@i393@p479339@l3840@n2@e7.526@d12.5@gCA50@s50.00@v@Gl3840@w0@C83@
LIVING-MA.117;21869;V36;394;06;6,3mm;2,17;2;435;435;BF2D@HjLIVING-MA.117@r01@i394@p479340@l4350@n2@e2.175@d6.3@gCA50@s25.00@v@Gl4350@w0@C82@
LIVING-MA.117;21869;V36;395;07;12,5mm;6,76;3;230;227;BF2D@HjLIVING-MA.117@r01@i395@p479341@l2300@n3@e6.762@d12.5@gCA50@s50.00@v@Gl380@w-90@l1920@w0@C79@
LIVING-MA.117;21869;V36;396;08;12,5mm;22,83;2;1165;1162;BF2D@HjLIVING-MA.117@r01@i396@p479342@l11650@n2@e22.834@d12.5@gCA50@s50.00@v@Gl520@w-90@l11130@w0@C66@
LIVING-MA.117;21869;V36;397;09;12,5mm;5,14;1;525;525;BF2D@HjLIVING-MA.117@r01@i397@p479343@l5250@n1@e5.145@d12.5@gCA50@s50.00@v@Gl5250@w0@C96@
LIVING-MA.117;21869;V36;398;10;16mm;26,91;2;841;837;BF2D@HjLIVING-MA.117@r01@i398@p479344@l8410@n2@e26.912@d16.0@gCA50@s240.00@v@Gl460@w-90@l7950@w0@C91@
LIVING-MA.117;21869;V36;399;11;16mm;19,68;2;615;615;BF2D@HjLIVING-MA.117@r01@i399@p479345@l6150@n2@e19.68@d16.0@gCA50@s240.00@v@Gl6150@w0@C66@
LIVING-MA.117;21869;V36;400;12;6,3mm;34,50;92;150;145;BF2D@HjLIVING-MA.117@r01@i400@p479346@l1500@n92@e34.5@d6.3@gCA50@s25.00@v@Gl60@w-120@l550@w-90@l140@w-90@l550@w-90@l140@w-120@l60@w0@C73@
LIVING-MA.117;21869;V22;185;01;16mm;13,60;2;425;421;BF2D@HjLIVING-MA.117@r01@i185@p479117@l4250@n2@e13.6@d16.0@gCA50@s240.00@v@Gl480@w-90@l3770@w0@C81@
LIVING-MA.117;21869;V22;186;02;16mm;35,14;3;732;724;BF2D@HjLIVING-MA.117@r01@i186@p479118@l7320@n3@e35.136@d16.0@gCA50@s240.00@v@Gl480@w-90@l6360@w-90@l480@w0@C82@
LIVING-MA.117;21869;V22;187;03;16mm;16,67;2;521;517;BF2D@HjLIVING-MA.117@r01@i187@p479119@l5210@n2@e16.672@d16.0@gCA50@s240.00@v@Gl540@w-90@l4670@w0@C71@
LIVING-MA.117;21869;V22;188;04;16mm;4,48;1;280;280;BF2D@HjLIVING-MA.117@r01@i188@p479120@l2800@n1@e4.48@d16.0@gCA50@s240.00@v@Gl2800@w0@C76@
LIVING-MA.117;21869;V22;189;05;12,5mm;5,49;2;280;277;BF2D@HjLIVING-MA.117@r01@i189@p479121@l2800@n2@e5.488@d12.5@gCA50@s50.00@v@Gl550@w-90@l2250@w0@C78@
LIVING-MA.117;21869;V22;190;06;12,5mm;2,11;1;215;215;BF2D@HjLIVING-MA.117@r01@i190@p479122@l2150@n1@e2.107@d12.5@gCA50@s50.00@v@Gl2150@w0@C91@
LIVING-MA.117;21869;V22;191;07;6,3mm;12,75;30;170;165;BF2D@HjLIVING-MA.117@r01@i191@p479123@l1700@n30@e12.75@d6.3@gCA50@s25.00@v@Gl60@w-120@l650@w-90@l140@w-90@l650@w-90@l140@w-120@l60@w0@C90@
LIVING-MA.117;21869;V22;192;08;8mm;15,19;6;633;633;BF2D@HjLIVING-MA.117@r01@i192@p479124@l6330@n6@e15.192@d8.0@gCA50@s32.00@v@Gl6330@w0@C66@
LIVING-MA.117;21869;V24;209;01;12,5mm;5,68;2;290;284;BF2D@HjLIVING-MA.117@r01@i209@p479143@l2900@n2@e5.684@d12.5@gCA50@s50.00@v@Gl380@w-90@l2140@w-90@l380@w0@C95@
LIVING-MA.117;21869;V24;210;02;10mm;7,41;4;294;289;BF2D@HjLIVING-MA.117@r01@i210@p479144@l2940@n4@e7.409@d10.0@gCA50@s40.00@v@Gl400@w-90@l2140@w-90@l400@w0@C89@
LIVING-MA.117;21869;V24;211;03;6,3mm;3,25;10;130;125;BF2D@HjLIVING-MA.117@r01@i211@p479145@l1300@n10@e3.25@d6.3@gCA50@s25.00@v@Gl60@w-120@l450@w-90@l140@w-90@l450@w-90@l140@w-120@l60@w0@C92@
LIVING-MA.117;21869;V39;440;01;6,3mm;1,43;2;285;285;BF2D@HjLIVING-MA.117@r01@i440@p479389@l2850@n2@e1.425@d6.3@gCA50@s25.00@v@Gl2850@w0@C74@
LIVING-MA.117;21869;V39;441;02;10mm;4,36;4;173;171;BF2D@HjLIVING-MA.117@r01@i441@p479390@l1730@n4@e4.36@d10.0@gCA50@s40.00@v@Gl270@w-90@l1460@w0@C79@
LIVING-MA.117;21869;V39;442;03;12,5mm;11,62;2;593;587;BF2D@HjLIVING-MA.117@r01@i442@p479391@l5930@n2@e11.623@d12.5@gCA50@s50.00@v@Gl450@w-90@l5030@w-90@l450@w0@C82@
LIVING-MA.117;21869;V39;443;04;12,5mm;4,72;1;482;479;BF2D@HjLIVING-MA.117@r01@i443@p479392@l4820@n1@e4.724@d12.5@gCA50@s50.00@v@Gl440@w-90@l4380@w0@C76@
LIVING-MA.117;21869;V39;444;05;6,3mm;8,40;24;140;135;BF2D@HjLIVING-MA.117@r01@i444@p479393@l1400@n24@e8.4@d6.3@gCA50@s25.00@v@Gl60@w-120@l500@w-90@l140@w-90@l500@w-90@l140@w-120@l60@w0@C95@
LOCALIZADOR;PLAN.;ELEMENTO;OS;POSICAO;BITOLA;PESO (KG);QTDE;COMPR. UNIT.;Compr. Corte;QR CODE
LIVING-MA.117;21869;V41;462;01;12,5mm;10,88;2;555;549;BF2D@HjLIVING-MA.117@r01@i462@p479413@l5550@n2@e10.878@d12.5@gCA50@s50.00@v@Gl550@w-90@l4630@w-90@l370@w0@C69@
LIVING-MA.117;21869;V41;463;02;12,5mm;3,38;1;345;342;BF2D@HjLIVING-MA.117@r01@i463@p479414@l3450@n1@e3.381@d12.5@gCA50@s50.00@v@Gl550@w-90@l2900@w0@C85@
LIVING-MA.117;21869;V41;464;03;12,5mm;11,17;2;570;564;BF2D@HjLIVING-MA.117@r01@i464@p479415@l5700@n2@e11.172@d12.5@gCA50@s50.00@v@Gl550@w-90@l4600@w-90@l550@w0@C83@
LIVING-MA.117;21869;V41;465;04;6,3mm;9,35;22;170;165;BF2D@HjLIVING-MA.117@r01@i465@p479416@l1700@n22@e9.35@d6.3@gCA50@s25.00@v@Gl60@w-120@l650@w-90@l140@w-90@l650@w-90@l140@w-120@l60@w0@C94@
LIVING-MA.117;21869;V41;466;05;8mm;11,45;6;477;475;BF2D@HjLIVING-MA.117@r01@i466@p479417@l4770@n6@e11.448@d8.0@gCA50@s32.00@v@Gl130@w-90@l4640@w0@C68@
LIVING-MA.117;21869;V37;401;01;16mm;9,44;2;295;295;BF2D@HjLIVING-MA.117@r01@i401@p479348@l2950@n2@e9.44@d16.0@gCA50@s240.00@v@Gl2950@w0@C94@
LIVING-MA.117;21869;V37;402;02;16mm;3,84;1;240;240;BF2D@HjLIVING-MA.117@r01@i402@p479349@l2400@n1@e3.84@d16.0@gCA50@s240.00@v@Gl2400@w0@C83@
LIVING-MA.117;21869;V37;403;03;10mm;3,46;2;275;275;BF2D@HjLIVING-MA.117@r01@i403@p479350@l2750@n2@e3.465@d10.0@gCA50@s40.00@v@Gl2750@w0@C78@
LIVING-MA.117;21869;V37;404;04;25mm;45,24;2;580;580;BF2D@HjLIVING-MA.117@r01@i404@p479351@l5800@n2@e45.24@d25.0@gCA50@s375.00@v@Gl5800@w0@C80@
LIVING-MA.117;21869;V37;405;05;25mm;35,10;2;450;450;BF2D@HjLIVING-MA.117@r01@i405@p479352@l4500@n2@e35.1@d25.0@gCA50@s375.00@v@Gl4500@w0@C76@
LIVING-MA.117;21869;V37;406;06;25mm;24,57;2;315;315;BF2D@HjLIVING-MA.117@r01@i406@p479353@l3150@n2@e24.57@d25.0@gCA50@s375.00@v@Gl3150@w0@C81@
LIVING-MA.117;21869;V37;407;07;25mm;51,09;2;655;655;BF2D@HjLIVING-MA.117@r01@i407@p479354@l6550@n2@e51.09@d25.0@gCA50@s375.00@v@Gl6550@w0@C68@
LIVING-MA.117;21869;V37;408;08;25mm;38,22;2;490;490;BF2D@HjLIVING-MA.117@r01@i408@p479355@l4900@n2@e38.22@d25.0@gCA50@s375.00@v@Gl4900@w0@C72@
LIVING-MA.117;21869;V37;409;09;25mm;32,37;2;415;415;BF2D@HjLIVING-MA.117@r01@i409@p479356@l4150@n2@e32.37@d25.0@gCA50@s375.00@v@Gl4150@w0@C76@
LIVING-MA.117;21869;V37;410;10;12,5mm;12,49;3;425;422;BF2D@HjLIVING-MA.117@r01@i410@p479357@l4250@n3@e12.495@d12.5@gCA50@s50.00@v@Gl550@w-90@l3700@w0@C65@
LIVING-MA.117;21869;V37;411;11;12,5mm;6,57;2;335;332;BF2D@HjLIVING-MA.117@r01@i411@p479358@l3350@n2@e6.566@d12.5@gCA50@s50.00@v@Gl550@w-90@l2800@w0@C78@
LIVING-MA.117;21869;V37;412;12;16mm;14,56;2;455;455;BF2D@HjLIVING-MA.117@r01@i412@p479359@l4550@n2@e14.56@d16.0@gCA50@s240.00@v@Gl4550@w0@C79@
LIVING-MA.117;21869;V37;413;13;20mm;92,00;4;920;920;BF2D@HjLIVING-MA.117@r01@i413@p479360@l9200@n4@e92@d20.0@gCA50@s300.00@v@Gl9200@w0@C85@
LIVING-MA.117;21869;V37;414;14;20mm;20,25;2;405;405;BF2D@HjLIVING-MA.117@r01@i414@p479361@l4050@n2@e20.25@d20.0@gCA50@s300.00@v@Gl4050@w0@C77@
LIVING-MA.117;21869;V37;415;15;16mm;25,15;2;786;782;BF2D@HjLIVING-MA.117@r01@i415@p479362@l7860@n2@e25.152@d16.0@gCA50@s240.00@v@Gl600@w-90@l7260@w0@C76@
LIVING-MA.117;21869;V37;416;16;16mm;6,58;1;411;407;BF2D@HjLIVING-MA.117@r01@i416@p479363@l4110@n1@e6.576@d16.0@gCA50@s240.00@v@Gl600@w-90@l3510@w0@C71@
LIVING-MA.117;21869;V37;417;17;8mm;103,01;148;174;167;BF2D@HjLIVING-MA.117@r01@i417@p479364@l1740@n148@e103.008@d8.0@gCA50@s32.00@v@Gl80@w-120@l650@w-90@l140@w-90@l650@w-90@l140@w-120@l80@w0@C86@
LIVING-MA.117;21869;V37;418;18;10mm;20,18;18;178;169;BF2D@HjLIVING-MA.117@r01@i418@p479365@l1780@n18@e20.185@d10.0@gCA50@s40.00@v@Gl100@w-120@l140@w-90@l650@w-90@l140@w-90@l650@w-120@l100@w0@C86@
LIVING-MA.117;21869;V37;419;19;8mm;10,30;6;429;429;BF2D@HjLIVING-MA.117@r01@i419@p479366@l4290@n6@e10.296@d8.0@gCA50@s32.00@v@Gl4290@w0@C82@
LIVING-MA.117;21869;V37;420;20;8mm;17,78;6;741;741;BF2D@HjLIVING-MA.117@r01@i420@p479367@l7410@n6@e17.784@d8.0@gCA50@s32.00@v@Gl7410@w0@C86@
LIVING-MA.117;21869;V37;421;21;8mm;15,72;6;655;653;BF2D@HjLIVING-MA.117@r01@i421@p479368@l6550@n6@e15.72@d8.0@gCA50@s32.00@v@Gl130@w-90@l6420@w0@C95@
LIVING-MA.117;21869;V40;445;01;12,5mm;12,74;2;650;650;BF2D@HjLIVING-MA.117@r01@i445@p479395@l6500@n2@e12.74@d12.5@gCA50@s50.00@v@Gl6500@w0@C65@
LIVING-MA.117;21869;V40;446;02;12,5mm;1,86;1;190;190;BF2D@HjLIVING-MA.117@r01@i446@p479396@l1900@n1@e1.862@d12.5@gCA50@s50.00@v@Gl1900@w0@C95@
LIVING-MA.117;21869;V40;447;03;6,3mm;2,52;2;505;505;BF2D@HjLIVING-MA.117@r01@i447@p479397@l5050@n2@e2.525@d6.3@gCA50@s25.00@v@Gl5050@w0@C76@
LIVING-MA.117;21869;V40;448;04;12,5mm;6,27;2;320;320;BF2D@HjLIVING-MA.117@r01@i448@p479398@l3200@n2@e6.272@d12.5@gCA50@s50.00@v@Gl3200@w0@C68@
LIVING-MA.117;21869;V40;449;05;12,5mm;4,31;2;220;220;BF2D@HjLIVING-MA.117@r01@i449@p479399@l2200@n2@e4.312@d12.5@gCA50@s50.00@v@Gl2200@w0@C75@
LIVING-MA.117;21869;V40;450;06;12,5mm;3,72;2;190;187;BF2D@HjLIVING-MA.117@r01@i450@p479400@l1900@n2@e3.724@d12.5@gCA50@s50.00@v@Gl380@w-90@l1520@w0@C96@
LIVING-MA.117;21869;V40;451;07;12,5mm;7,41;2;378;372;BF2D@HjLIVING-MA.117@r01@i451@p479401@l3780@n2@e7.409@d12.5@gCA50@s50.00@v@Gl150@w90@l600@w90@l3030@w0@C68@
LIVING-MA.117;21869;V40;452;08;12,5mm;2,69;1;275;275;BF2D@HjLIVING-MA.117@r01@i452@p479402@l2750@n1@e2.695@d12.5@gCA50@s50.00@v@Gl2750@w0@C65@
LIVING-MA.117;21869;V40;453;09;12,5mm;4,70;2;240;240;BF2D@HjLIVING-MA.117@r01@i453@p479403@l2400@n2@e4.704@d12.5@gCA50@s50.00@v@Gl2400@w0@C85@
LIVING-MA.117;21869;V40;454;10;16mm;12,90;2;403;403;BF2D@HjLIVING-MA.117@r01@i454@p479404@l4030@n2@e12.896@d16.0@gCA50@s240.00@v@Gl4030@w0@C70@
LIVING-MA.117;21869;V40;455;11;16mm;7,90;2;247;247;BF2D@HjLIVING-MA.117@r01@i455@p479405@l2470@n2@e7.904@d16.0@gCA50@s240.00@v@Gl2470@w0@C78@
LIVING-MA.117;21869;V40;456;12;16mm;20,26;2;633;621;BF2D@HjLIVING-MA.117@r01@i456@p479406@l6330@n2@e20.256@d16.0@gCA50@s240.00@v@Gl5050@w90@l410@w90@l530@w90@l340@w0@C93@
LIVING-MA.117;21869;V40;457;13;16mm;17,18;2;537;529;BF2D@HjLIVING-MA.117@r01@i457@p479407@l5370@n2@e17.184@d16.0@gCA50@s240.00@v@Gl340@w90@l530@w90@l4500@w0@C84@
LIVING-MA.117;21869;V40;458;14;6,3mm;16,15;38;170;165;BF2D@HjLIVING-MA.117@r01@i458@p479408@l1700@n38@e16.15@d6.3@gCA50@s25.00@v@Gl60@w-120@l650@w-90@l140@w-90@l650@w-90@l140@w-120@l60@w0@C72@
LIVING-MA.117;21869;V40;459;15;6,3mm;7,35;21;140;135;BF2D@HjLIVING-MA.117@r01@i459@p479409@l1400@n21@e7.35@d6.3@gCA50@s25.00@v@Gl60@w-120@l500@w-90@l140@w-90@l500@w-90@l140@w-120@l60@w0@C75@
LIVING-MA.117;21869;V40;460;16;5mm;4,72;10;295;294;BF2D@HjLIVING-MA.117@r01@i460@p479410@l2950@n10@e4.72@d5.0@gCA60@s20.00@v@Gl130@w-90@l2820@w0@C84@
LIVING-MA.117;21869;V40;461;17;5mm;8,35;10;522;521;BF2D@HjLIVING-MA.117@r01@i461@p479411@l5220@n10@e8.352@d5.0@gCA60@s20.00@v@Gl130@w-90@l5090@w0@C66@
LIVING-MA.117;21869;V38;422;01;12,5mm;13,38;3;455;452;BF2D@HjLIVING-MA.117@r01@i422@p479370@l4550@n3@e13.377@d12.5@gCA50@s50.00@v@Gl550@w-90@l4000@w0@C70@
LIVING-MA.117;21869;V38;423;02;12,5mm;7,15;2;365;362;BF2D@HjLIVING-MA.117@r01@i423@p479371@l3650@n2@e7.154@d12.5@gCA50@s50.00@v@Gl550@w-90@l3100@w0@C89@
LIVING-MA.117;21869;V38;424;03;6,3mm;1,15;2;230;230;BF2D@HjLIVING-MA.117@r01@i424@p479372@l2300@n2@e1.15@d6.3@gCA50@s25.00@v@Gl2300@w0@C89@
LIVING-MA.117;21869;V38;425;04;20mm;26,50;2;530;530;BF2D@HjLIVING-MA.117@r01@i425@p479373@l5300@n2@e26.5@d20.0@gCA50@s300.00@v@Gl5300@w0@C86@
LIVING-MA.117;21869;V38;426;05;20mm;7,50;1;300;300;BF2D@HjLIVING-MA.117@r01@i426@p479374@l3000@n1@e7.5@d20.0@gCA50@s300.00@v@Gl3000@w0@C80@
LIVING-MA.117;21869;V38;427;06;20mm;32,75;2;655;655;BF2D@HjLIVING-MA.117@r01@i427@p479375@l6550@n2@e32.75@d20.0@gCA50@s300.00@v@Gl6550@w0@C78@
LIVING-MA.117;21869;V38;428;07;20mm;10,25;1;410;410;BF2D@HjLIVING-MA.117@r01@i428@p479376@l4100@n1@e10.25@d20.0@gCA50@s300.00@v@Gl4100@w0@C76@
LIVING-MA.117;21869;V38;429;08;16mm;10,43;2;326;322;BF2D@HjLIVING-MA.117@r01@i429@p479377@l3260@n2@e10.432@d16.0@gCA50@s240.00@v@Gl380@w-90@l2880@w0@C72@
LIVING-MA.117;21869;V38;430;09;12,5mm;12,54;2;640;637;BF2D@HjLIVING-MA.117@r01@i430@p479378@l6400@n2@e12.544@d12.5@gCA50@s50.00@v@Gl550@w-90@l5850@w0@C91@
LIVING-MA.117;21869;V38;431;10;12,5mm;9,80;2;500;497;BF2D@HjLIVING-MA.117@r01@i431@p479379@l5000@n2@e9.8@d12.5@gCA50@s50.00@v@Gl550@w-90@l4450@w0@C82@
LIVING-MA.117;21869;V38;432;11;12,5mm;14,21;2;725;725;BF2D@HjLIVING-MA.117@r01@i432@p479380@l7250@n2@e14.21@d12.5@gCA50@s50.00@v@Gl7250@w0@C75@
LIVING-MA.117;21869;V38;433;12;12,5mm;9,80;2;500;500;BF2D@HjLIVING-MA.117@r01@i433@p479381@l5000@n2@e9.8@d12.5@gCA50@s50.00@v@Gl5000@w0@C82@
LIVING-MA.117;21869;V38;434;13;12,5mm;10,19;2;520;520;BF2D@HjLIVING-MA.117@r01@i434@p479382@l5200@n2@e10.192@d12.5@gCA50@s50.00@v@Gl5200@w0@C96@
LIVING-MA.117;21869;V38;435;14;12,5mm;4,31;1;440;440;BF2D@HjLIVING-MA.117@r01@i435@p479383@l4400@n1@e4.312@d12.5@gCA50@s50.00@v@Gl4400@w0@C80@
LOCALIZADOR;PLAN.;ELEMENTO;OS;POSICAO;BITOLA;PESO (KG);QTDE;COMPR. UNIT.;Compr. Corte;QR CODE
LIVING-MA.117;21869;V38;436;15;6,3mm;34,85;82;170;165;BF2D@HjLIVING-MA.117@r01@i436@p479384@l1700@n82@e34.85@d6.3@gCA50@s25.00@v@Gl60@w-120@l650@w-90@l140@w-90@l650@w-90@l140@w-120@l60@w0@C67@
LIVING-MA.117;21869;V38;437;16;8mm;14,28;6;595;593;BF2D@HjLIVING-MA.117@r01@i437@p479385@l5950@n6@e14.28@d8.0@gCA50@s32.00@v@Gl130@w-90@l5820@w0@C83@
LIVING-MA.117;21869;V38;438;17;8mm;17,78;6;741;741;BF2D@HjLIVING-MA.117@r01@i438@p479386@l7410@n6@e17.784@d8.0@gCA50@s32.00@v@Gl7410@w0@C76@
LIVING-MA.117;21869;V38;439;18;8mm;11,93;6;497;497;BF2D@HjLIVING-MA.117@r01@i439@p479387@l4970@n6@e11.928@d8.0@gCA50@s32.00@v@Gl4970@w0@C96@
LIVING-MA.117;21869;VE01;467;01;12,5mm;26,64;6;453;450;BF2D@HjLIVING-MA.117@r01@i467@p479419@l4530@n6@e26.636@d12.5@gCA50@s50.00@v@Gl400@w-90@l4130@w0@C88@
LIVING-MA.117;21869;VE01;468;02;6,3mm;5,85;18;130;125;BF2D@HjLIVING-MA.117@r01@i468@p479420@l1300@n18@e5.85@d6.3@gCA50@s25.00@v@Gl60@w-120@l450@w-90@l140@w-90@l450@w-90@l140@w-120@l60@w0@C66@
LIVING-MA.117;21869;EP301;1;01;20mm;24,00;8;120;120;BF2D@HjLIVING-MA.117@r01@i1@p478906@l1200@n8@e24@d20.0@gCA50@s300.00@v@Gl600@w0@l600@w0@C76@
LIVING-MA.117;21869;EP302;2;01;20mm;24,00;8;120;120;BF2D@HjLIVING-MA.117@r01@i2@p478908@l1200@n8@e24@d20.0@gCA50@s300.00@v@Gl600@w0@l600@w0@C73@
LIVING-MA.117;21869;EP303;3;01;20mm;24,00;8;120;120;BF2D@HjLIVING-MA.117@r01@i3@p478910@l1200@n8@e24@d20.0@gCA50@s300.00@v@Gl600@w0@l600@w0@C79@
LIVING-MA.117;21869;EP304;4;01;20mm;24,00;8;120;120;BF2D@HjLIVING-MA.117@r01@i4@p478912@l1200@n8@e24@d20.0@gCA50@s300.00@v@Gl600@w0@l600@w0@C76@
LIVING-MA.117;21869;EP305;5;01;20mm;24,00;8;120;120;BF2D@HjLIVING-MA.117@r01@i5@p478914@l1200@n8@e24@d20.0@gCA50@s300.00@v@Gl600@w0@l600@w0@C73@
LIVING-MA.117;21869;EP306;6;01;20mm;24,00;8;120;120;BF2D@HjLIVING-MA.117@r01@i6@p478916@l1200@n8@e24@d20.0@gCA50@s300.00@v@Gl600@w0@l600@w0@C70@
