LOCALIZADOR;PLAN.;ELEMENTO;QTDE ELEM;OS;POSICAO;BITOLA;PESO (KG);QTDE;COMPR. UNIT.;Compr. Corte;QR CODE
DIOVANIO.001;22771;P01;1;1;01;10mm;7,81;4;310;305;BF2D@HjDIOVANIO.001@r01@i1@p485380@l3100@n4@e7.812@d10.0@gCA50@s40.00@v@Gl2350@w-90@l650@w-90@l100@w0@C85@
DIOVANIO.001;22771;P01;1;2;02;10mm;7,01;4;278;273;BF2D@HjDIOVANIO.001@r01@i2@p485381@l2780@n4@e7.006@d10.0@gCA50@s40.00@v@Gl2180@w90@l500@w-90@l100@w0@C93@
DIOVANIO.001;22771;P01;1;3;03;5mm;2,16;15;90;86;BF2D@HjDIOVANIO.001@r01@i3@p485382@l900@n15@e2.16@d5.0@gCA60@s20.00@v@Gl50@w-120@l250@w-90@l150@w-90@l250@w-90@l150@w-120@l50@w0@C67@
DIOVANIO.001;22771;P02;6;4;01;10mm;3,46;2;275;270;BF2D@HjDIOVANIO.001@r01@i4@p485384@l2750@n12@e20.79@d10.0@gCA50@s40.00@v@Gl2000@w-90@l650@w-90@l100@w0@C93@
DIOVANIO.001;22771;P02;6;5;02;10mm;3,09;2;245;240;BF2D@HjDIOVANIO.001@r01@i5@p485385@l2450@n12@e18.522@d10.0@gCA50@s40.00@v@Gl1850@w90@l500@w-90@l100@w0@C85@
DIOVANIO.001;22771;P02;6;6;03;5mm;1,87;13;90;86;BF2D@HjDIOVANIO.001@r01@i6@p485386@l900@n78@e11.232@d5.0@gCA60@s20.00@v@Gl50@w-120@l250@w-90@l150@w-90@l250@w-90@l150@w-120@l50@w0@C83@
DIOVANIO.001;22771;P03;6;7;01;10mm;3,21;2;255;250;BF2D@HjDIOVANIO.001@r01@i7@p485388@l2550@n12@e19.278@d10.0@gCA50@s40.00@v@Gl1800@w-90@l650@w-90@l100@w0@C88@
DIOVANIO.001;22771;P03;6;8;02;10mm;2,83;2;225;220;BF2D@HjDIOVANIO.001@r01@i8@p485389@l2250@n12@e17.01@d10.0@gCA50@s40.00@v@Gl1650@w90@l500@w-90@l100@w0@C75@
DIOVANIO.001;22771;P03;6;9;03;5mm;1,73;12;90;86;BF2D@HjDIOVANIO.001@r01@i9@p485390@l900@n72@e10.368@d5.0@gCA60@s20.00@v@Gl50@w-120@l250@w-90@l150@w-90@l250@w-90@l150@w-120@l50@w0@C82@
DIOVANIO.001;22771;P04;13;10;01;10mm;8,32;4;330;330;BF2D@HjDIOVANIO.001@r01@i10@p485392@l3300@n52@e108.108@d10.0@gCA50@s40.00@v@Gl500@w0@l2800@w0@C67@
DIOVANIO.001;22771;P04;13;11;02;5mm;1,73;18;60;56;BF2D@HjDIOVANIO.001@r01@i11@p485393@l600@n234@e22.464@d5.0@gCA60@s20.00@v@Gl50@w-120@l150@w-90@l100@w-90@l150@w-90@l100@w-120@l50@w0@C69@
DIOVANIO.001;22771;V01;2;12;01;10mm;19,40;4;770;765;BF2D@HjDIOVANIO.001@r01@i12@p485395@l7700@n8@e38.808@d10.0@gCA50@s40.00@v@Gl100@w-90@l7500@w-90@l100@w0@C94@
DIOVANIO.001;22771;V01;2;13;02;5mm;7,20;50;90;86;BF2D@HjDIOVANIO.001@r01@i13@p485396@l900@n100@e14.4@d5.0@gCA60@s20.00@v@Gl50@w-120@l250@w-90@l150@w-90@l250@w-90@l150@w-120@l50@w0@C66@
DIOVANIO.001;22771;V02;1;14;01;10mm;18,90;4;750;750;BF2D@HjDIOVANIO.001@r01@i14@p485398@l7500@n4@e18.9@d10.0@gCA50@s40.00@v@Gl7500@w0@C92@
DIOVANIO.001;22771;V02;1;15;02;5mm;7,20;50;90;86;BF2D@HjDIOVANIO.001@r01@i15@p485399@l900@n50@e7.2@d5.0@gCA60@s20.00@v@Gl50@w-120@l250@w-90@l150@w-90@l250@w-90@l150@w-120@l50@w0@C89@
DIOVANIO.001;22771;V03;2;16;01;8mm;12,32;4;770;766;BF2D@HjDIOVANIO.001@r01@i16@p485401@l7700@n8@e24.64@d8.0@gCA50@s32.00@v@Gl100@w-90@l7500@w-90@l100@w0@C73@
DIOVANIO.001;22771;V03;2;17;02;5mm;4,80;50;60;56;BF2D@HjDIOVANIO.001@r01@i17@p485402@l600@n100@e9.6@d5.0@gCA60@s20.00@v@Gl50@w-120@l100@w-90@l150@w-90@l100@w-90@l150@w-120@l50@w0@C67@
DIOVANIO.001;22771;V04;1;18;01;8mm;12,00;4;750;750;BF2D@HjDIOVANIO.001@r01@i18@p485404@l7500@n4@e12@d8.0@gCA50@s32.00@v@Gl7500@w0@C89@
DIOVANIO.001;22771;V04;1;19;02;5mm;4,80;50;60;56;BF2D@HjDIOVANIO.001@r01@i19@p485405@l600@n50@e4.8@d5.0@gCA60@s20.00@v@Gl50@w-120@l150@w-90@l100@w-90@l150@w-90@l100@w-120@l50@w0@C77@
DIOVANIO.001;22771;V05;2;20;01;10mm;15,62;4;620;615;BF2D@HjDIOVANIO.001@r01@i20@p485407@l6200@n8@e31.248@d10.0@gCA50@s40.00@v@Gl100@w-90@l6000@w-90@l100@w0@C90@
DIOVANIO.001;22771;V05;2;21;02;5mm;5,76;40;90;86;BF2D@HjDIOVANIO.001@r01@i21@p485408@l900@n80@e11.52@d5.0@gCA60@s20.00@v@Gl50@w-120@l250@w-90@l150@w-90@l250@w-90@l150@w-120@l50@w0@C66@
DIOVANIO.001;22771;V06;2;22;01;8mm;9,92;4;620;616;BF2D@HjDIOVANIO.001@r01@i22@p485410@l6200@n8@e19.84@d8.0@gCA50@s32.00@v@Gl100@w-90@l6000@w-90@l100@w0@C82@
DIOVANIO.001;22771;V06;2;23;02;5mm;3,84;40;60;56;BF2D@HjDIOVANIO.001@r01@i23@p485411@l600@n80@e7.68@d5.0@gCA60@s20.00@v@Gl50@w-120@l150@w-90@l100@w-90@l150@w-90@l100@w-120@l50@w0@C89@
