LOCALIZADOR;PLAN.;ID ELEM;ELEMENTO;QTDE ELEM;OS;POSICAO;BITOLA;PESO (KG);QTDE;Compr. Unit.;Compr. Corte;QR CODE
LIVING-MA.127;22614;2;V02;1;9;01;12,5mm;7,56;3;257;254;BF2D@HjLIVING-MA.127@r01@i9@p492783@l2570@n3@e7.556@d12.5@gCA50@s50.00@v@Gl380@w-90@l2190@w0@C70@
LIVING-MA.127;22614;2;V02;1;10;02;16mm;17,92;2;560;560;BF2D@HjLIVING-MA.127@r01@i10@p492784@l5600@n2@e17.92@d16.0@gCA50@s240.00@v@Gl5600@w0@C74@
LIVING-MA.127;22614;2;V02;1;11;03;16mm;8,32;2;260;260;BF2D@HjLIVING-MA.127@r01@i11@p492785@l2600@n2@e8.32@d16.0@gCA50@s240.00@v@Gl2600@w0@C68@
LIVING-MA.127;22614;2;V02;1;12;04;12,5mm;16,07;4;410;410;BF2D@HjLIVING-MA.127@r01@i12@p492786@l4100@n4@e16.072@d12.5@gCA50@s50.00@v@Gl4100@w0@C83@
LIVING-MA.127;22614;2;V02;1;13;05;12,5mm;4,51;2;230;230;BF2D@HjLIVING-MA.127@r01@i13@p492787@l2300@n2@e4.508@d12.5@gCA50@s50.00@v@Gl2300@w0@C66@
LIVING-MA.127;22614;2;V02;1;14;06;20mm;30,75;2;615;615;BF2D@HjLIVING-MA.127@r01@i14@p492788@l6150@n2@e30.75@d20.0@gCA50@s300.00@v@Gl6150@w0@C76@
LIVING-MA.127;22614;2;V02;1;15;07;20mm;7,25;1;290;290;BF2D@HjLIVING-MA.127@r01@i15@p492789@l2900@n1@e7.25@d20.0@gCA50@s300.00@v@Gl2900@w0@C94@
LIVING-MA.127;22614;2;V02;1;16;08;16mm;18,72;2;585;585;BF2D@HjLIVING-MA.127@r01@i16@p492790@l5850@n2@e18.72@d16.0@gCA50@s240.00@v@Gl5850@w0@C90@
LIVING-MA.127;22614;2;V02;1;17;09;12,5mm;4,51;2;230;227;BF2D@HjLIVING-MA.127@r01@i17@p492791@l2300@n2@e4.508@d12.5@gCA50@s50.00@v@Gl380@w-90@l1920@w0@C72@
LIVING-MA.127;22614;2;V02;1;18;10;12,5mm;44,30;4;1130;1127;BF2D@HjLIVING-MA.127@r01@i18@p492792@l11300@n4@e44.296@d12.5@gCA50@s50.00@v@Gl490@w-90@l10810@w0@C76@
LIVING-MA.127;22614;2;V02;1;19;11;12,5mm;22,25;2;1135;1135;BF2D@HjLIVING-MA.127@r01@i19@p492793@l11350@n2@e22.246@d12.5@gCA50@s50.00@v@Gl11350@w0@C70@
LIVING-MA.127;22614;2;V02;1;20;12;12,5mm;5,78;2;295;295;BF2D@HjLIVING-MA.127@r01@i20@p492794@l2950@n2@e5.782@d12.5@gCA50@s50.00@v@Gl2950@w0@C75@
LIVING-MA.127;22614;2;V02;1;21;13;6,3mm;45,75;122;150;145;BF2D@HjLIVING-MA.127@r01@i21@p492795@l1500@n122@e45.75@d6.3@gCA50@s25.00@v@Gl60@w-120@l550@w-90@l140@w-90@l550@w-90@l140@w-120@l60@w0@C83@
LIVING-MA.127;22614;9;V08;1;22;01;6,3mm;2,02;2;405;405;BF2D@HjLIVING-MA.127@r01@i22@p492797@l4050@n2@e2.025@d6.3@gCA50@s25.00@v@Gl4050@w0@C78@
LIVING-MA.127;22614;9;V08;1;23;02;20mm;34,80;2;696;691;BF2D@HjLIVING-MA.127@r01@i23@p492798@l6960@n2@e34.8@d20.0@gCA50@s300.00@v@Gl600@w-90@l6360@w0@C96@
LIVING-MA.127;22614;9;V08;1;24;03;20mm;31,00;4;310;310;BF2D@HjLIVING-MA.127@r01@i24@p492799@l3100@n4@e31@d20.0@gCA50@s300.00@v@Gl3100@w0@C80@
LIVING-MA.127;22614;9;V08;1;25;04;8mm;3,24;2;405;405;BF2D@HjLIVING-MA.127@r01@i25@p492800@l4050@n2@e3.24@d8.0@gCA50@s32.00@v@Gl4050@w0@C77@
LIVING-MA.127;22614;9;V08;1;26;05;20mm;28,00;2;560;560;BF2D@HjLIVING-MA.127@r01@i26@p492801@l5600@n2@e28@d20.0@gCA50@s300.00@v@Gl5600@w0@C76@
LIVING-MA.127;22614;9;V08;1;27;06;20mm;21,25;2;425;425;BF2D@HjLIVING-MA.127@r01@i27@p492802@l4250@n2@e21.25@d20.0@gCA50@s300.00@v@Gl4250@w0@C92@
LIVING-MA.127;22614;9;V08;1;28;07;20mm;31,50;2;630;630;BF2D@HjLIVING-MA.127@r01@i28@p492803@l6300@n2@e31.5@d20.0@gCA50@s300.00@v@Gl6300@w0@C79@
LIVING-MA.127;22614;9;V08;1;29;08;16mm;7,55;2;236;232;BF2D@HjLIVING-MA.127@r01@i29@p492804@l2360@n2@e7.552@d16.0@gCA50@s240.00@v@Gl510@w-90@l1850@w0@C85@
LIVING-MA.127;22614;9;V08;1;30;09;12,5mm;19,60;4;500;497;BF2D@HjLIVING-MA.127@r01@i30@p492805@l5000@n4@e19.6@d12.5@gCA50@s50.00@v@Gl550@w-90@l4450@w0@C96@
LIVING-MA.127;22614;9;V08;1;31;10;12,5mm;2,60;1;265;265;BF2D@HjLIVING-MA.127@r01@i31@p492806@l2650@n1@e2.597@d12.5@gCA50@s50.00@v@Gl2650@w0@C85@
LIVING-MA.127;22614;9;V08;1;32;11;20mm;90,50;4;905;905;BF2D@HjLIVING-MA.127@r01@i32@p492807@l9050@n4@e90.5@d20.0@gCA50@s300.00@v@Gl9050@w0@C95@
LIVING-MA.127;22614;9;V08;1;33;12;20mm;25,00;2;500;500;BF2D@HjLIVING-MA.127@r01@i33@p492808@l5000@n2@e25@d20.0@gCA50@s300.00@v@Gl5000@w0@C86@
LIVING-MA.127;22614;9;V08;1;34;13;20mm;24,50;2;490;490;BF2D@HjLIVING-MA.127@r01@i34@p492809@l4900@n2@e24.5@d20.0@gCA50@s300.00@v@Gl4900@w0@C66@
LIVING-MA.127;22614;9;V08;1;35;14;12,5mm;2,06;1;210;210;BF2D@HjLIVING-MA.127@r01@i35@p492810@l2100@n1@e2.058@d12.5@gCA50@s50.00@v@Gl2100@w0@C82@
LIVING-MA.127;22614;9;V08;1;36;15;8mm;94,49;127;186;179;BF2D@HjLIVING-MA.127@r01@i36@p492811@l1860@n127@e94.488@d8.0@gCA50@s32.00@v@Gl80@w-120@l650@w-90@l200@w-90@l650@w-90@l200@w-120@l80@w0@C81@
LIVING-MA.127;22614;9;V08;1;37;16;8mm;27,97;16;437;437;BF2D@HjLIVING-MA.127@r01@i37@p492812@l4370@n16@e27.968@d8.0@gCA50@s32.00@v@Gl4370@w0@C81@
LIVING-MA.127;22614;9;V08;1;38;17;8mm;54,98;16;859;859;BF2D@HjLIVING-MA.127@r01@i38@p492813@l8590@n16@e54.976@d8.0@gCA50@s32.00@v@Gl8590@w0@C96@
LIVING-MA.127;22614;10;V09;1;39;01;8mm;6,48;4;405;405;BF2D@HjLIVING-MA.127@r01@i39@p492815@l4050@n4@e6.48@d8.0@gCA50@s32.00@v@Gl4050@w0@C87@
LIVING-MA.127;22614;10;V09;1;40;02;25mm;54,26;2;695,6;689;BF2D@HjLIVING-MA.127@r01@i40@p492816@l6956@n2@e54.257@d25.0@gCA50@s375.00@v@Gl588@w-90@l6368@w0@C85@
LIVING-MA.127;22614;10;V09;1;41;03;20mm;28,00;2;560;560;BF2D@HjLIVING-MA.127@r01@i41@p492817@l5600@n2@e28@d20.0@gCA50@s300.00@v@Gl5600@w0@C72@
LIVING-MA.127;22614;10;V09;1;42;04;20mm;21,50;2;430;430;BF2D@HjLIVING-MA.127@r01@i42@p492818@l4300@n2@e21.5@d20.0@gCA50@s300.00@v@Gl4300@w0@C82@
LIVING-MA.127;22614;10;V09;1;43;05;20mm;15,50;2;310;310;BF2D@HjLIVING-MA.127@r01@i43@p492819@l3100@n2@e15.5@d20.0@gCA50@s300.00@v@Gl3100@w0@C83@
LIVING-MA.127;22614;10;V09;1;44;06;25mm;49,69;2;637;637;BF2D@HjLIVING-MA.127@r01@i44@p492820@l6370@n2@e49.686@d25.0@gCA50@s375.00@v@Gl6370@w0@C91@
LIVING-MA.127;22614;10;V09;1;45;07;16mm;7,55;2;236;232;BF2D@HjLIVING-MA.127@r01@i45@p492821@l2360@n2@e7.552@d16.0@gCA50@s240.00@v@Gl510@w-90@l1850@w0@C88@
LIVING-MA.127;22614;10;V09;1;46;08;12,5mm;19,60;4;500;497;BF2D@HjLIVING-MA.127@r01@i46@p492822@l5000@n4@e19.6@d12.5@gCA50@s50.00@v@Gl550@w-90@l4450@w0@C90@
LIVING-MA.127;22614;10;V09;1;47;09;12,5mm;2,50;1;255;255;BF2D@HjLIVING-MA.127@r01@i47@p492823@l2550@n1@e2.499@d12.5@gCA50@s50.00@v@Gl2550@w0@C80@
LIVING-MA.127;22614;10;V09;1;48;10;20mm;90,50;4;905;905;BF2D@HjLIVING-MA.127@r01@i48@p492824@l9050@n4@e90.5@d20.0@gCA50@s300.00@v@Gl9050@w0@C89@
LIVING-MA.127;22614;10;V09;1;49;11;20mm;24,25;2;485;485;BF2D@HjLIVING-MA.127@r01@i49@p492825@l4850@n2@e24.25@d20.0@gCA50@s300.00@v@Gl4850@w0@C68@
LIVING-MA.127;22614;10;V09;1;50;12;20mm;24,00;2;480;480;BF2D@HjLIVING-MA.127@r01@i50@p492826@l4800@n2@e24@d20.0@gCA50@s300.00@v@Gl4800@w0@C74@
LIVING-MA.127;22614;10;V09;1;51;13;12,5mm;2,11;1;215;215;BF2D@HjLIVING-MA.127@r01@i51@p492827@l2150@n1@e2.107@d12.5@gCA50@s50.00@v@Gl2150@w0@C71@
LIVING-MA.127;22614;10;V09;1;52;14;8mm;95,23;128;186;179;BF2D@HjLIVING-MA.127@r01@i52@p492828@l1860@n128@e95.232@d8.0@gCA50@s32.00@v@Gl80@w-120@l650@w-90@l200@w-90@l650@w-90@l200@w-120@l80@w0@C86@
LIVING-MA.127;22614;10;V09;1;53;15;8mm;27,97;16;437;437;BF2D@HjLIVING-MA.127@r01@i53@p492829@l4370@n16@e27.968@d8.0@gCA50@s32.00@v@Gl4370@w0@C75@
LIVING-MA.127;22614;10;V09;1;54;16;8mm;54,98;16;859;859;BF2D@HjLIVING-MA.127@r01@i54@p492830@l8590@n16@e54.976@d8.0@gCA50@s32.00@v@Gl8590@w0@C67@
LIVING-MA.127;22614;13;V15;1;55;01;12,5mm;5,33;2;272;269;BF2D@HjLIVING-MA.127@r01@i55@p492832@l2720@n2@e5.331@d12.5@gCA50@s50.00@v@Gl380@w-90@l2340@w0@C76@
LIVING-MA.127;22614;13;V15;1;56;02;12,5mm;1,88;1;192;189;BF2D@HjLIVING-MA.127@r01@i56@p492833@l1920@n1@e1.882@d12.5@gCA50@s50.00@v@Gl380@w-90@l1540@w0@C66@
LIVING-MA.127;22614;13;V15;1;57;03;16mm;17,76;2;555;555;BF2D@HjLIVING-MA.127@r01@i57@p492834@l5550@n2@e17.76@d16.0@gCA50@s240.00@v@Gl5550@w0@C89@
LIVING-MA.127;22614;13;V15;1;58;04;16mm;8,32;2;260;260;BF2D@HjLIVING-MA.127@r01@i58@p492835@l2600@n2@e8.32@d16.0@gCA50@s240.00@v@Gl2600@w0@C93@
LIVING-MA.127;22614;13;V15;1;59;05;12,5mm;7,74;2;395;395;BF2D@HjLIVING-MA.127@r01@i59@p492836@l3950@n2@e7.742@d12.5@gCA50@s50.00@v@Gl3950@w0@C66@
LIVING-MA.127;22614;13;V15;1;60;06;12,5mm;4,51;2;230;230;BF2D@HjLIVING-MA.127@r01@i60@p492837@l2300@n2@e4.508@d12.5@gCA50@s50.00@v@Gl2300@w0@C68@
LIVING-MA.127;22614;13;V15;1;61;07;20mm;30,75;2;615;615;BF2D@HjLIVING-MA.127@r01@i61@p492838@l6150@n2@e30.75@d20.0@gCA50@s300.00@v@Gl6150@w0@C78@
LIVING-MA.127;22614;13;V15;1;62;08;20mm;7,25;1;290;290;BF2D@HjLIVING-MA.127@r01@i62@p492839@l2900@n1@e7.25@d20.0@gCA50@s300.00@v@Gl2900@w0@C96@
LIVING-MA.127;22614;13;V15;1;63;09;12,5mm;8,04;2;410;410;BF2D@HjLIVING-MA.127@r01@i63@p492840@l4100@n2@e8.036@d12.5@gCA50@s50.00@v@Gl4100@w0@C71@
LIVING-MA.127;22614;13;V15;1;64;10;16mm;18,72;2;585;585;BF2D@HjLIVING-MA.127@r01@i64@p492841@l5850@n2@e18.72@d16.0@gCA50@s240.00@v@Gl5850@w0@C90@
LIVING-MA.127;22614;13;V15;1;65;11;12,5mm;5,49;2;280;277;BF2D@HjLIVING-MA.127@r01@i65@p492842@l2800@n2@e5.488@d12.5@gCA50@s50.00@v@Gl380@w-90@l2420@w0@C95@
LOCALIZADOR;PLAN.;ID ELEM;ELEMENTO;QTDE ELEM;OS;POSICAO;BITOLA;PESO (KG);QTDE;Compr. Unit.;Compr. Corte;QR CODE
LIVING-MA.127;22614;13;V15;1;66;12;12,5mm;1,86;1;190;187;BF2D@HjLIVING-MA.127@r01@i66@p492843@l1900@n1@e1.862@d12.5@gCA50@s50.00@v@Gl380@w-90@l1520@w0@C70@
LIVING-MA.127;22614;13;V15;1;67;13;12,5mm;22,15;2;1130;1127;BF2D@HjLIVING-MA.127@r01@i67@p492844@l11300@n2@e22.148@d12.5@gCA50@s50.00@v@Gl490@w-90@l10810@w0@C84@
LIVING-MA.127;22614;13;V15;1;68;14;12,5mm;22,25;2;1135;1135;BF2D@HjLIVING-MA.127@r01@i68@p492845@l11350@n2@e22.246@d12.5@gCA50@s50.00@v@Gl11350@w0@C68@
LIVING-MA.127;22614;13;V15;1;69;15;12,5mm;22,09;2;1127;1124;BF2D@HjLIVING-MA.127@r01@i69@p492846@l11270@n2@e22.089@d12.5@gCA50@s50.00@v@Gl490@w-90@l10780@w0@C96@
LIVING-MA.127;22614;13;V15;1;70;16;12,5mm;11,56;4;295;295;BF2D@HjLIVING-MA.127@r01@i70@p492847@l2950@n4@e11.564@d12.5@gCA50@s50.00@v@Gl2950@w0@C90@
LIVING-MA.127;22614;13;V15;1;71;17;6,3mm;45,75;122;150;145;BF2D@HjLIVING-MA.127@r01@i71@p492848@l1500@n122@e45.75@d6.3@gCA50@s25.00@v@Gl60@w-120@l550@w-90@l140@w-90@l550@w-90@l140@w-120@l60@w0@C79@
LIVING-MA.127;22614;19;V26;1;80;01;12,5mm;16,82;3;572;569;BF2D@HjLIVING-MA.127@r01@i80@p492859@l5720@n3@e16.817@d12.5@gCA50@s50.00@v@Gl350@w-90@l5370@w0@C67@
LIVING-MA.127;22614;19;V26;1;81;02;12,5mm;7,98;2;407;404;BF2D@HjLIVING-MA.127@r01@i81@p492860@l4070@n2@e7.977@d12.5@gCA50@s50.00@v@Gl350@w-90@l3720@w0@C90@
LIVING-MA.127;22614;19;V26;1;82;03;16mm;20,80;2;650;650;BF2D@HjLIVING-MA.127@r01@i82@p492861@l6500@n2@e20.8@d16.0@gCA50@s240.00@v@Gl6500@w0@C94@
LIVING-MA.127;22614;19;V26;1;83;04;12,5mm;27,31;3;929;926;BF2D@HjLIVING-MA.127@r01@i83@p492862@l9290@n3@e27.313@d12.5@gCA50@s50.00@v@Gl640@w-90@l8650@w0@C65@
LIVING-MA.127;22614;19;V26;1;84;05;12,5mm;3,23;1;330;330;BF2D@HjLIVING-MA.127@r01@i84@p492863@l3300@n1@e3.234@d12.5@gCA50@s50.00@v@Gl3300@w0@C67@
LIVING-MA.127;22614;19;V26;1;85;06;12,5mm;9,85;3;335;332;BF2D@HjLIVING-MA.127@r01@i85@p492864@l3350@n3@e9.849@d12.5@gCA50@s50.00@v@Gl300@w-90@l3050@w0@C90@
LIVING-MA.127;22614;19;V26;1;86;07;8mm;1,70;2;213;209;BF2D@HjLIVING-MA.127@r01@i86@p492865@l2130@n2@e1.704@d8.0@gCA50@s32.00@v@Gl350@w-90@l1430@w-90@l350@w0@C74@
LIVING-MA.127;22614;19;V26;1;87;08;8mm;1,64;2;205;203;BF2D@HjLIVING-MA.127@r01@i87@p492866@l2050@n2@e1.64@d8.0@gCA50@s32.00@v@Gl350@w-90@l1700@w0@C73@
LIVING-MA.127;22614;19;V26;1;88;09;12,5mm;23,42;2;1195;1195;BF2D@HjLIVING-MA.127@r01@i88@p492867@l11950@n2@e23.422@d12.5@gCA50@s50.00@v@Gl11950@w0@C85@
LIVING-MA.127;22614;19;V26;1;89;10;12,5mm;4,41;1;450;450;BF2D@HjLIVING-MA.127@r01@i89@p492868@l4500@n1@e4.41@d12.5@gCA50@s50.00@v@Gl4500@w0@C70@
LIVING-MA.127;22614;19;V26;1;90;11;12,5mm;4,02;1;410;410;BF2D@HjLIVING-MA.127@r01@i90@p492869@l4100@n1@e4.018@d12.5@gCA50@s50.00@v@Gl4100@w0@C65@
LIVING-MA.127;22614;19;V26;1;91;12;8mm;1,68;2;210;208;BF2D@HjLIVING-MA.127@r01@i91@p492870@l2100@n2@e1.68@d8.0@gCA50@s32.00@v@Gl350@w-90@l1750@w0@C78@
LIVING-MA.127;22614;19;V26;1;92;13;12,5mm;10,88;2;555;555;BF2D@HjLIVING-MA.127@r01@i92@p492871@l5550@n2@e10.878@d12.5@gCA50@s50.00@v@Gl5550@w0@C86@
LIVING-MA.127;22614;19;V26;1;93;14;12,5mm;4,21;1;430;430;BF2D@HjLIVING-MA.127@r01@i93@p492872@l4300@n1@e4.214@d12.5@gCA50@s50.00@v@Gl4300@w0@C66@
LIVING-MA.127;22614;19;V26;1;94;15;6,3mm;2,40;8;120;115;BF2D@HjLIVING-MA.127@r01@i94@p492873@l1200@n8@e2.4@d6.3@gCA50@s25.00@v@Gl60@w-120@l400@w-90@l140@w-90@l400@w-90@l140@w-120@l60@w0@C71@
LIVING-MA.127;22614;19;V26;1;95;16;6,3mm;32,73;77;170;165;BF2D@HjLIVING-MA.127@r01@i95@p492874@l1700@n77@e32.725@d6.3@gCA50@s25.00@v@Gl60@w-120@l650@w-90@l140@w-90@l650@w-90@l140@w-120@l60@w0@C95@
LIVING-MA.127;22614;19;V26;1;96;17;6,3mm;2,64;8;132;127;BF2D@HjLIVING-MA.127@r01@i96@p492875@l1320@n8@e2.64@d6.3@gCA50@s25.00@v@Gl60@w-120@l350@w-90@l250@w-90@l350@w-90@l250@w-120@l60@w0@C94@
LIVING-MA.127;22614;19;V26;1;97;18;8mm;14,69;6;612;612;BF2D@HjLIVING-MA.127@r01@i97@p492876@l6120@n6@e14.688@d8.0@gCA50@s32.00@v@Gl6120@w0@C65@
LIVING-MA.127;22614;19;V26;1;98;19;8mm;13,68;6;570;570;BF2D@HjLIVING-MA.127@r01@i98@p492877@l5700@n6@e13.68@d8.0@gCA50@s32.00@v@Gl5700@w0@C82@
LIVING-MA.127;22614;19;V26;1;99;20;8mm;12,77;6;532;532;BF2D@HjLIVING-MA.127@r01@i99@p492878@l5320@n6@e12.768@d8.0@gCA50@s32.00@v@Gl5320@w0@C94@
LIVING-MA.127;22614;20;V27;1;100;01;20mm;32,85;3;438;433;BF2D@HjLIVING-MA.127@r01@i100@p492880@l4380@n3@e32.85@d20.0@gCA50@s300.00@v@Gl630@w-90@l3750@w0@C75@
LIVING-MA.127;22614;20;V27;1;101;02;16mm;18,19;3;379;375;BF2D@HjLIVING-MA.127@r01@i101@p492881@l3790@n3@e18.192@d16.0@gCA50@s240.00@v@Gl330@w-90@l3460@w0@C79@
LIVING-MA.127;22614;20;V27;1;102;03;20mm;49,50;3;660;660;BF2D@HjLIVING-MA.127@r01@i102@p492882@l6600@n3@e49.5@d20.0@gCA50@s300.00@v@Gl6600@w0@C79@
LIVING-MA.127;22614;20;V27;1;103;04;20mm;19,50;2;390;390;BF2D@HjLIVING-MA.127@r01@i103@p492883@l3900@n2@e19.5@d20.0@gCA50@s300.00@v@Gl3900@w0@C81@
LIVING-MA.127;22614;20;V27;1;104;05;20mm;49,88;3;665;665;BF2D@HjLIVING-MA.127@r01@i104@p492884@l6650@n3@e49.875@d20.0@gCA50@s300.00@v@Gl6650@w0@C82@
LIVING-MA.127;22614;20;V27;1;105;06;20mm;16,25;2;325;325;BF2D@HjLIVING-MA.127@r01@i105@p492885@l3250@n2@e16.25@d20.0@gCA50@s300.00@v@Gl3250@w0@C66@
LIVING-MA.127;22614;20;V27;1;106;07;16mm;17,38;3;362;358;BF2D@HjLIVING-MA.127@r01@i106@p492886@l3620@n3@e17.376@d16.0@gCA50@s240.00@v@Gl630@w-90@l2990@w0@C96@
LIVING-MA.127;22614;20;V27;1;107;08;16mm;18,19;3;379;375;BF2D@HjLIVING-MA.127@r01@i107@p492887@l3790@n3@e18.192@d16.0@gCA50@s240.00@v@Gl330@w-90@l3460@w0@C67@
LIVING-MA.127;22614;20;V27;1;108;09;8mm;3,33;4;208;206;BF2D@HjLIVING-MA.127@r01@i108@p492888@l2080@n4@e3.328@d8.0@gCA50@s32.00@v@Gl320@w-90@l1760@w0@C94@
LIVING-MA.127;22614;20;V27;1;109;10;12,5mm;12,15;2;620;620;BF2D@HjLIVING-MA.127@r01@i109@p492889@l6200@n2@e12.152@d12.5@gCA50@s50.00@v@Gl6200@w0@C89@
LIVING-MA.127;22614;20;V27;1;110;11;12,5mm;4,75;1;485;485;BF2D@HjLIVING-MA.127@r01@i110@p492890@l4850@n1@e4.753@d12.5@gCA50@s50.00@v@Gl4850@w0@C96@
LIVING-MA.127;22614;20;V27;1;111;12;16mm;18,08;2;565;565;BF2D@HjLIVING-MA.127@r01@i111@p492891@l5650@n2@e18.08@d16.0@gCA50@s240.00@v@Gl5650@w0@C81@
LIVING-MA.127;22614;20;V27;1;112;13;16mm;13,76;2;430;430;BF2D@HjLIVING-MA.127@r01@i112@p492892@l4300@n2@e13.76@d16.0@gCA50@s240.00@v@Gl4300@w0@C65@
LIVING-MA.127;22614;20;V27;1;113;14;16mm;10,56;2;330;330;BF2D@HjLIVING-MA.127@r01@i113@p492893@l3300@n2@e10.56@d16.0@gCA50@s240.00@v@Gl3300@w0@C70@
LIVING-MA.127;22614;20;V27;1;114;15;12,5mm;10,58;2;540;540;BF2D@HjLIVING-MA.127@r01@i114@p492894@l5400@n2@e10.584@d12.5@gCA50@s50.00@v@Gl5400@w0@C88@
LIVING-MA.127;22614;20;V27;1;115;16;12,5mm;4,07;1;415;415;BF2D@HjLIVING-MA.127@r01@i115@p492895@l4150@n1@e4.067@d12.5@gCA50@s50.00@v@Gl4150@w0@C70@
LIVING-MA.127;22614;20;V27;1;116;17;8mm;7,30;16;114;107;BF2D@HjLIVING-MA.127@r01@i116@p492896@l1140@n16@e7.296@d8.0@gCA50@s32.00@v@Gl80@w-120@l350@w-90@l140@w-90@l350@w-90@l140@w-120@l80@w0@C74@
LIVING-MA.127;22614;20;V27;1;117;18;8mm;64,03;92;174;167;BF2D@HjLIVING-MA.127@r01@i117@p492897@l1740@n92@e64.032@d8.0@gCA50@s32.00@v@Gl80@w-120@l650@w-90@l140@w-90@l650@w-90@l140@w-120@l80@w0@C81@
LIVING-MA.127;22614;20;V27;1;118;19;10mm;30,28;27;178;169;BF2D@HjLIVING-MA.127@r01@i118@p492898@l1780@n27@e30.278@d10.0@gCA50@s40.00@v@Gl100@w-120@l650@w-90@l140@w-90@l650@w-90@l140@w-120@l100@w0@C78@
LIVING-MA.127;22614;20;V27;1;119;20;8mm;14,69;6;612;612;BF2D@HjLIVING-MA.127@r01@i119@p492899@l6120@n6@e14.688@d8.0@gCA50@s32.00@v@Gl6120@w0@C81@
LIVING-MA.127;22614;20;V27;1;120;21;8mm;13,68;6;570;570;BF2D@HjLIVING-MA.127@r01@i120@p492900@l5700@n6@e13.68@d8.0@gCA50@s32.00@v@Gl5700@w0@C93@
LIVING-MA.127;22614;20;V27;1;121;22;8mm;12,77;6;532;532;BF2D@HjLIVING-MA.127@r01@i121@p492901@l5320@n6@e12.768@d8.0@gCA50@s32.00@v@Gl5320@w0@C73@
LIVING-MA.127;22614;20-1;V31;1;168;01;20mm;32,85;3;438;433;BF2D@HjLIVING-MA.127@r01@i168@p492952@l4380@n3@e32.85@d20.0@gCA50@s300.00@v@Gl630@w-90@l3750@w0@C93@
LIVING-MA.127;22614;20-1;V31;1;169;02;16mm;18,19;3;379;375;BF2D@HjLIVING-MA.127@r01@i169@p492953@l3790@n3@e18.192@d16.0@gCA50@s240.00@v@Gl330@w-90@l3460@w0@C65@
LIVING-MA.127;22614;20-1;V31;1;170;03;20mm;49,50;3;660;660;BF2D@HjLIVING-MA.127@r01@i170@p492954@l6600@n3@e49.5@d20.0@gCA50@s300.00@v@Gl6600@w0@C74@
LIVING-MA.127;22614;20-1;V31;1;171;04;20mm;19,50;2;390;390;BF2D@HjLIVING-MA.127@r01@i171@p492955@l3900@n2@e19.5@d20.0@gCA50@s300.00@v@Gl3900@w0@C76@
LIVING-MA.127;22614;20-1;V31;1;172;05;20mm;49,88;3;665;665;BF2D@HjLIVING-MA.127@r01@i172@p492956@l6650@n3@e49.875@d20.0@gCA50@s300.00@v@Gl6650@w0@C77@
LIVING-MA.127;22614;20-1;V31;1;173;06;20mm;16,25;2;325;325;BF2D@HjLIVING-MA.127@r01@i173@p492957@l3250@n2@e16.25@d20.0@gCA50@s300.00@v@Gl3250@w0@C93@
LIVING-MA.127;22614;20-1;V31;1;174;07;16mm;17,38;3;362;358;BF2D@HjLIVING-MA.127@r01@i174@p492958@l3620@n3@e17.376@d16.0@gCA50@s240.00@v@Gl630@w-90@l2990@w0@C91@
LIVING-MA.127;22614;20-1;V31;1;175;08;16mm;18,19;3;379;375;BF2D@HjLIVING-MA.127@r01@i175@p492959@l3790@n3@e18.192@d16.0@gCA50@s240.00@v@Gl330@w-90@l3460@w0@C94@
LIVING-MA.127;22614;20-1;V31;1;176;09;8mm;3,33;4;208;206;BF2D@HjLIVING-MA.127@r01@i176@p492960@l2080@n4@e3.328@d8.0@gCA50@s32.00@v@Gl320@w-90@l1760@w0@C66@
LOCALIZADOR;PLAN.;ID ELEM;ELEMENTO;QTDE ELEM;OS;POSICAO;BITOLA;PESO (KG);QTDE;Compr. Unit.;Compr. Corte;QR CODE
LIVING-MA.127;22614;20-1;V31;1;177;10;12,5mm;12,15;2;620;620;BF2D@HjLIVING-MA.127@r01@i177@p492961@l6200@n2@e12.152@d12.5@gCA50@s50.00@v@Gl6200@w0@C93@
LIVING-MA.127;22614;20-1;V31;1;178;11;12,5mm;4,75;1;485;485;BF2D@HjLIVING-MA.127@r01@i178@p492962@l4850@n1@e4.753@d12.5@gCA50@s50.00@v@Gl4850@w0@C82@
LIVING-MA.127;22614;20-1;V31;1;179;12;16mm;18,08;2;565;565;BF2D@HjLIVING-MA.127@r01@i179@p492963@l5650@n2@e18.08@d16.0@gCA50@s240.00@v@Gl5650@w0@C67@
LIVING-MA.127;22614;20-1;V31;1;180;13;16mm;13,76;2;430;430;BF2D@HjLIVING-MA.127@r01@i180@p492964@l4300@n2@e13.76@d16.0@gCA50@s240.00@v@Gl4300@w0@C92@
LIVING-MA.127;22614;20-1;V31;1;181;14;16mm;10,56;2;330;330;BF2D@HjLIVING-MA.127@r01@i181@p492965@l3300@n2@e10.56@d16.0@gCA50@s240.00@v@Gl3300@w0@C65@
LIVING-MA.127;22614;20-1;V31;1;182;15;12,5mm;10,58;2;540;540;BF2D@HjLIVING-MA.127@r01@i182@p492966@l5400@n2@e10.584@d12.5@gCA50@s50.00@v@Gl5400@w0@C83@
LIVING-MA.127;22614;20-1;V31;1;183;16;12,5mm;4,07;1;415;415;BF2D@HjLIVING-MA.127@r01@i183@p492967@l4150@n1@e4.067@d12.5@gCA50@s50.00@v@Gl4150@w0@C65@
LIVING-MA.127;22614;20-1;V31;1;184;17;8mm;7,30;16;114;107;BF2D@HjLIVING-MA.127@r01@i184@p492968@l1140@n16@e7.296@d8.0@gCA50@s32.00@v@Gl80@w-120@l350@w-90@l140@w-90@l350@w-90@l140@w-120@l80@w0@C69@
LIVING-MA.127;22614;20-1;V31;1;185;18;8mm;64,03;92;174;167;BF2D@HjLIVING-MA.127@r01@i185@p492969@l1740@n92@e64.032@d8.0@gCA50@s32.00@v@Gl80@w-120@l650@w-90@l140@w-90@l650@w-90@l140@w-120@l80@w0@C76@
LIVING-MA.127;22614;20-1;V31;1;186;19;10mm;30,28;27;178;169;BF2D@HjLIVING-MA.127@r01@i186@p492970@l1780@n27@e30.278@d10.0@gCA50@s40.00@v@Gl100@w-120@l650@w-90@l140@w-90@l650@w-90@l140@w-120@l100@w0@C82@
LIVING-MA.127;22614;20-1;V31;1;187;20;8mm;14,69;6;612;612;BF2D@HjLIVING-MA.127@r01@i187@p492971@l6120@n6@e14.688@d8.0@gCA50@s32.00@v@Gl6120@w0@C85@
LIVING-MA.127;22614;20-1;V31;1;188;21;8mm;13,68;6;570;570;BF2D@HjLIVING-MA.127@r01@i188@p492972@l5700@n6@e13.68@d8.0@gCA50@s32.00@v@Gl5700@w0@C70@
LIVING-MA.127;22614;20-1;V31;1;189;22;8mm;12,77;6;532;532;BF2D@HjLIVING-MA.127@r01@i189@p492973@l5320@n6@e12.768@d8.0@gCA50@s32.00@v@Gl5320@w0@C82@
LIVING-MA.127;22614;21;V28;1;122;01;6,3mm;2,53;4;253;253;BF2D@HjLIVING-MA.127@r01@i122@p492903@l2530@n4@e2.53@d6.3@gCA50@s25.00@v@Gl2530@w0@C83@
LIVING-MA.127;22614;21;V28;1;123;02;20mm;53,10;6;354;349;BF2D@HjLIVING-MA.127@r01@i123@p492904@l3540@n6@e53.1@d20.0@gCA50@s300.00@v@Gl330@w-90@l3210@w0@C78@
LIVING-MA.127;22614;21;V28;1;124;03;20mm;66,45;6;443;438;BF2D@HjLIVING-MA.127@r01@i124@p492905@l4430@n6@e66.45@d20.0@gCA50@s300.00@v@Gl630@w-90@l3800@w0@C73@
LIVING-MA.127;22614;21;V28;1;125;04;16mm;29,76;3;620;620;BF2D@HjLIVING-MA.127@r01@i125@p492906@l6200@n3@e29.76@d16.0@gCA50@s240.00@v@Gl6200@w0@C87@
LIVING-MA.127;22614;21;V28;1;126;05;8mm;3,04;4;190;188;BF2D@HjLIVING-MA.127@r01@i126@p492907@l1900@n4@e3.04@d8.0@gCA50@s32.00@v@Gl310@w-90@l1590@w0@C95@
LIVING-MA.127;22614;21;V28;1;127;06;16mm;55,10;4;861;857;BF2D@HjLIVING-MA.127@r01@i127@p492908@l8610@n4@e55.104@d16.0@gCA50@s240.00@v@Gl550@w-90@l8060@w0@C75@
LIVING-MA.127;22614;21;V28;1;128;07;16mm;15,68;2;490;490;BF2D@HjLIVING-MA.127@r01@i128@p492909@l4900@n2@e15.68@d16.0@gCA50@s240.00@v@Gl4900@w0@C76@
LIVING-MA.127;22614;21;V28;1;129;08;12,5mm;7,50;3;255;255;BF2D@HjLIVING-MA.127@r01@i129@p492910@l2550@n3@e7.497@d12.5@gCA50@s50.00@v@Gl2550@w0@C93@
LIVING-MA.127;22614;21;V28;1;130;09;8mm;7,30;16;114;107;BF2D@HjLIVING-MA.127@r01@i130@p492911@l1140@n16@e7.296@d8.0@gCA50@s32.00@v@Gl80@w-120@l350@w-90@l140@w-90@l350@w-90@l140@w-120@l80@w0@C90@
LIVING-MA.127;22614;21;V28;1;131;10;8mm;59,16;85;174;167;BF2D@HjLIVING-MA.127@r01@i131@p492912@l1740@n85@e59.16@d8.0@gCA50@s32.00@v@Gl80@w-120@l650@w-90@l140@w-90@l650@w-90@l140@w-120@l80@w0@C73@
LIVING-MA.127;22614;21;V28;1;132;11;8mm;37,54;12;782;782;BF2D@HjLIVING-MA.127@r01@i132@p492913@l7820@n12@e37.536@d8.0@gCA50@s32.00@v@Gl7820@w0@C73@
LIVING-MA.127;22614;21;V28;1;133;12;8mm;6,02;6;251;251;BF2D@HjLIVING-MA.127@r01@i133@p492914@l2510@n6@e6.024@d8.0@gCA50@s32.00@v@Gl2510@w0@C66@
LIVING-MA.127;22614;21-1;V30;1;156;01;6,3mm;2,53;4;253;253;BF2D@HjLIVING-MA.127@r01@i156@p492939@l2530@n4@e2.53@d6.3@gCA50@s25.00@v@Gl2530@w0@C67@
LIVING-MA.127;22614;21-1;V30;1;157;02;20mm;53,10;6;354;349;BF2D@HjLIVING-MA.127@r01@i157@p492940@l3540@n6@e53.1@d20.0@gCA50@s300.00@v@Gl330@w-90@l3210@w0@C71@
LIVING-MA.127;22614;21-1;V30;1;158;03;20mm;66,45;6;443;438;BF2D@HjLIVING-MA.127@r01@i158@p492941@l4430@n6@e66.45@d20.0@gCA50@s300.00@v@Gl630@w-90@l3800@w0@C66@
LIVING-MA.127;22614;21-1;V30;1;159;04;16mm;29,76;3;620;620;BF2D@HjLIVING-MA.127@r01@i159@p492942@l6200@n3@e29.76@d16.0@gCA50@s240.00@v@Gl6200@w0@C80@
LIVING-MA.127;22614;21-1;V30;1;160;05;8mm;3,04;4;190;188;BF2D@HjLIVING-MA.127@r01@i160@p492943@l1900@n4@e3.04@d8.0@gCA50@s32.00@v@Gl310@w-90@l1590@w0@C65@
LIVING-MA.127;22614;21-1;V30;1;161;06;16mm;55,10;4;861;857;BF2D@HjLIVING-MA.127@r01@i161@p492944@l8610@n4@e55.104@d16.0@gCA50@s240.00@v@Gl550@w-90@l8060@w0@C77@
LIVING-MA.127;22614;21-1;V30;1;162;07;16mm;15,68;2;490;490;BF2D@HjLIVING-MA.127@r01@i162@p492945@l4900@n2@e15.68@d16.0@gCA50@s240.00@v@Gl4900@w0@C78@
LIVING-MA.127;22614;21-1;V30;1;163;08;12,5mm;7,50;3;255;255;BF2D@HjLIVING-MA.127@r01@i163@p492946@l2550@n3@e7.497@d12.5@gCA50@s50.00@v@Gl2550@w0@C86@
LIVING-MA.127;22614;21-1;V30;1;164;09;8mm;7,30;16;114;107;BF2D@HjLIVING-MA.127@r01@i164@p492947@l1140@n16@e7.296@d8.0@gCA50@s32.00@v@Gl80@w-120@l350@w-90@l140@w-90@l350@w-90@l140@w-120@l80@w0@C74@
LIVING-MA.127;22614;21-1;V30;1;165;10;8mm;59,16;85;174;167;BF2D@HjLIVING-MA.127@r01@i165@p492948@l1740@n85@e59.16@d8.0@gCA50@s32.00@v@Gl80@w-120@l650@w-90@l140@w-90@l650@w-90@l140@w-120@l80@w0@C89@
LIVING-MA.127;22614;21-1;V30;1;166;11;8mm;37,54;12;782;782;BF2D@HjLIVING-MA.127@r01@i166@p492949@l7820@n12@e37.536@d8.0@gCA50@s32.00@v@Gl7820@w0@C89@
LIVING-MA.127;22614;21-1;V30;1;167;12;8mm;6,02;6;251;251;BF2D@HjLIVING-MA.127@r01@i167@p492950@l2510@n6@e6.024@d8.0@gCA50@s32.00@v@Gl2510@w0@C91@
LIVING-MA.127;22614;25;V29;1;134;01;20mm;32,85;3;438;433;BF2D@HjLIVING-MA.127@r01@i134@p492916@l4380@n3@e32.85@d20.0@gCA50@s300.00@v@Gl630@w-90@l3750@w0@C68@
LIVING-MA.127;22614;25;V29;1;135;02;16mm;36,38;6;379;375;BF2D@HjLIVING-MA.127@r01@i135@p492917@l3790@n6@e36.384@d16.0@gCA50@s240.00@v@Gl330@w-90@l3460@w0@C66@
LIVING-MA.127;22614;25;V29;1;136;03;25mm;57,33;2;735;735;BF2D@HjLIVING-MA.127@r01@i136@p492918@l7350@n2@e57.33@d25.0@gCA50@s375.00@v@Gl7350@w0@C66@
LIVING-MA.127;22614;25;V29;1;137;04;20mm;44,50;4;445;445;BF2D@HjLIVING-MA.127@r01@i137@p492919@l4450@n4@e44.5@d20.0@gCA50@s300.00@v@Gl4450@w0@C72@
LIVING-MA.127;22614;25;V29;1;138;05;25mm;47,58;4;305;305;BF2D@HjLIVING-MA.127@r01@i138@p492920@l3050@n4@e47.58@d25.0@gCA50@s375.00@v@Gl3050@w0@C77@
LIVING-MA.127;22614;25;V29;1;139;06;25mm;55,77;2;715;715;BF2D@HjLIVING-MA.127@r01@i139@p492921@l7150@n2@e55.77@d25.0@gCA50@s375.00@v@Gl7150@w0@C67@
LIVING-MA.127;22614;25;V29;1;140;07;16mm;17,38;3;362;358;BF2D@HjLIVING-MA.127@r01@i140@p492922@l3620@n3@e17.376@d16.0@gCA50@s240.00@v@Gl630@w-90@l2990@w0@C75@
LIVING-MA.127;22614;25;V29;1;141;08;8mm;3,31;4;207;205;BF2D@HjLIVING-MA.127@r01@i141@p492923@l2070@n4@e3.312@d8.0@gCA50@s32.00@v@Gl320@w-90@l1750@w0@C84@
LIVING-MA.127;22614;25;V29;1;142;09;12,5mm;12,15;2;620;620;BF2D@HjLIVING-MA.127@r01@i142@p492924@l6200@n2@e12.152@d12.5@gCA50@s50.00@v@Gl6200@w0@C70@
LIVING-MA.127;22614;25;V29;1;143;10;12,5mm;4,31;1;440;440;BF2D@HjLIVING-MA.127@r01@i143@p492925@l4400@n1@e4.312@d12.5@gCA50@s50.00@v@Gl4400@w0@C86@
LIVING-MA.127;22614;25;V29;1;144;11;20mm;36,50;2;730;730;BF2D@HjLIVING-MA.127@r01@i144@p492926@l7300@n2@e36.5@d20.0@gCA50@s300.00@v@Gl7300@w0@C83@
LIVING-MA.127;22614;25;V29;1;145;12;20mm;21,75;2;435;435;BF2D@HjLIVING-MA.127@r01@i145@p492927@l4350@n2@e21.75@d20.0@gCA50@s300.00@v@Gl4350@w0@C92@
LIVING-MA.127;22614;25;V29;1;146;13;20mm;16,75;2;335;335;BF2D@HjLIVING-MA.127@r01@i146@p492928@l3350@n2@e16.75@d20.0@gCA50@s300.00@v@Gl3350@w0@C88@
LIVING-MA.127;22614;25;V29;1;147;14;12,5mm;10,58;2;540;540;BF2D@HjLIVING-MA.127@r01@i147@p492929@l5400@n2@e10.584@d12.5@gCA50@s50.00@v@Gl5400@w0@C83@
LIVING-MA.127;22614;25;V29;1;148;15;12,5mm;3,58;1;365;365;BF2D@HjLIVING-MA.127@r01@i148@p492930@l3650@n1@e3.577@d12.5@gCA50@s50.00@v@Gl3650@w0@C93@
LIVING-MA.127;22614;25;V29;1;149;16;8mm;7,30;16;114;107;BF2D@HjLIVING-MA.127@r01@i149@p492931@l1140@n16@e7.296@d8.0@gCA50@s32.00@v@Gl80@w-120@l350@w-90@l140@w-90@l350@w-90@l140@w-120@l80@w0@C78@
LIVING-MA.127;22614;25;V29;1;150;17;8mm;61,25;88;174;167;BF2D@HjLIVING-MA.127@r01@i150@p492932@l1740@n88@e61.248@d8.0@gCA50@s32.00@v@Gl80@w-120@l650@w-90@l140@w-90@l650@w-90@l140@w-120@l80@w0@C83@
LIVING-MA.127;22614;25;V29;1;151;18;12,5mm;48,16;27;182;171;BF2D@HjLIVING-MA.127@r01@i151@p492933@l1820@n27@e48.157@d12.5@gCA50@s50.00@v@Gl120@w-120@l650@w-90@l140@w-90@l650@w-90@l140@w-120@l120@w0@C79@
LIVING-MA.127;22614;25;V29;1;152;19;10mm;20,18;18;178;169;BF2D@HjLIVING-MA.127@r01@i152@p492934@l1780@n18@e20.185@d10.0@gCA50@s40.00@v@Gl100@w-120@l650@w-90@l140@w-90@l650@w-90@l140@w-120@l100@w0@C93@
LIVING-MA.127;22614;25;V29;1;153;20;8mm;14,69;6;612;612;BF2D@HjLIVING-MA.127@r01@i153@p492935@l6120@n6@e14.688@d8.0@gCA50@s32.00@v@Gl6120@w0@C92@
LOCALIZADOR;PLAN.;ID ELEM;ELEMENTO;QTDE ELEM;OS;POSICAO;BITOLA;PESO (KG);QTDE;Compr. Unit.;Compr. Corte;QR CODE
LIVING-MA.127;22614;25;V29;1;154;21;8mm;13,68;6;570;570;BF2D@HjLIVING-MA.127@r01@i154@p492936@l5700@n6@e13.68@d8.0@gCA50@s32.00@v@Gl5700@w0@C77@
LIVING-MA.127;22614;25;V29;1;155;22;8mm;12,77;6;532;532;BF2D@HjLIVING-MA.127@r01@i155@p492937@l5320@n6@e12.768@d8.0@gCA50@s32.00@v@Gl5320@w0@C89@
LIVING-MA.127;22614;27;V45;1;1;01;6,3mm;1,85;2;370;369;BF2D@HjLIVING-MA.127@r01@i1@p492774@l3700@n2@e1.85@d6.3@gCA50@s25.00@v@Gl270@w-90@l3430@w0@C93@
LIVING-MA.127;22614;27;V45;1;2;02;16mm;25,92;2;810;810;BF2D@HjLIVING-MA.127@r01@i2@p492775@l8100@n2@e25.92@d16.0@gCA50@s240.00@v@Gl8100@w0@C94@
LIVING-MA.127;22614;27;V45;1;3;03;12,5mm;8,23;2;420;420;BF2D@HjLIVING-MA.127@r01@i3@p492776@l4200@n2@e8.232@d12.5@gCA50@s50.00@v@Gl4200@w0@C85@
LIVING-MA.127;22614;27;V45;1;4;04;16mm;28,00;2;875;875;BF2D@HjLIVING-MA.127@r01@i4@p492777@l8750@n2@e28@d16.0@gCA50@s240.00@v@Gl8750@w0@C90@
LIVING-MA.127;22614;27;V45;1;5;05;12,5mm;6,70;2;342;339;BF2D@HjLIVING-MA.127@r01@i5@p492778@l3420@n2@e6.703@d12.5@gCA50@s50.00@v@Gl320@w-90@l3100@w0@C65@
LIVING-MA.127;22614;27;V45;1;6;06;12,5mm;35,08;4;895;892;BF2D@HjLIVING-MA.127@r01@i6@p492779@l8950@n4@e35.084@d12.5@gCA50@s50.00@v@Gl290@w-90@l8660@w0@C70@
LIVING-MA.127;22614;27;V45;1;7;07;12,5mm;17,15;2;875;875;BF2D@HjLIVING-MA.127@r01@i7@p492780@l8750@n2@e17.15@d12.5@gCA50@s50.00@v@Gl8750@w0@C91@
LIVING-MA.127;22614;27;V45;1;8;08;6,3mm;42,09;138;122;117;BF2D@HjLIVING-MA.127@r01@i8@p492781@l1220@n138@e42.09@d6.3@gCA50@s25.00@v@Gl60@w-120@l350@w-90@l200@w-90@l350@w-90@l200@w-120@l60@w0@C77@
LIVING-MA.127;22614;28;V48;1;72;01;6,3mm;1,68;2;335;334;BF2D@HjLIVING-MA.127@r01@i72@p492850@l3350@n2@e1.675@d6.3@gCA50@s25.00@v@Gl270@w-90@l3080@w0@C83@
LIVING-MA.127;22614;28;V48;1;73;02;16mm;27,04;2;845;845;BF2D@HjLIVING-MA.127@r01@i73@p492851@l8450@n2@e27.04@d16.0@gCA50@s240.00@v@Gl8450@w0@C96@
LIVING-MA.127;22614;28;V48;1;74;03;12,5mm;8,23;2;420;420;BF2D@HjLIVING-MA.127@r01@i74@p492852@l4200@n2@e8.232@d12.5@gCA50@s50.00@v@Gl4200@w0@C66@
LIVING-MA.127;22614;28;V48;1;75;04;16mm;28,16;2;880;880;BF2D@HjLIVING-MA.127@r01@i75@p492853@l8800@n2@e28.16@d16.0@gCA50@s240.00@v@Gl8800@w0@C90@
LIVING-MA.127;22614;28;V48;1;76;05;12,5mm;6,80;2;347;344;BF2D@HjLIVING-MA.127@r01@i76@p492854@l3470@n2@e6.801@d12.5@gCA50@s50.00@v@Gl320@w-90@l3150@w0@C69@
LIVING-MA.127;22614;28;V48;1;77;06;12,5mm;35,08;4;895;892;BF2D@HjLIVING-MA.127@r01@i77@p492855@l8950@n4@e35.084@d12.5@gCA50@s50.00@v@Gl290@w-90@l8660@w0@C83@
LIVING-MA.127;22614;28;V48;1;78;07;12,5mm;17,15;2;875;875;BF2D@HjLIVING-MA.127@r01@i78@p492856@l8750@n2@e17.15@d12.5@gCA50@s50.00@v@Gl8750@w0@C95@
LIVING-MA.127;22614;28;V48;1;79;08;6,3mm;42,09;138;122;117;BF2D@HjLIVING-MA.127@r01@i79@p492857@l1220@n138@e42.09@d6.3@gCA50@s25.00@v@Gl60@w-120@l350@w-90@l200@w-90@l350@w-90@l200@w-120@l60@w0@C81@
LIVING-MA.127;22614;30;V32;1;190;01;16mm;18,08;2;565;565;BF2D@HjLIVING-MA.127@r01@i190@p492975@l5650@n2@e18.08@d16.0@gCA50@s240.00@v@Gl5650@w0@C71@
LIVING-MA.127;22614;30;V32;1;191;02;16mm;3,84;1;240;240;BF2D@HjLIVING-MA.127@r01@i191@p492976@l2400@n1@e3.84@d16.0@gCA50@s240.00@v@Gl2400@w0@C76@
LIVING-MA.127;22614;30;V32;1;192;03;10mm;4,41;2;350;350;BF2D@HjLIVING-MA.127@r01@i192@p492977@l3500@n2@e4.41@d10.0@gCA50@s40.00@v@Gl3500@w0@C67@
LIVING-MA.127;22614;30;V32;1;193;04;16mm;22,56;3;470;470;BF2D@HjLIVING-MA.127@r01@i193@p492978@l4700@n3@e22.56@d16.0@gCA50@s240.00@v@Gl4700@w0@C76@
LIVING-MA.127;22614;30;V32;1;194;05;25mm;50,31;2;645;645;BF2D@HjLIVING-MA.127@r01@i194@p492979@l6450@n2@e50.31@d25.0@gCA50@s375.00@v@Gl6450@w0@C96@
LIVING-MA.127;22614;30;V32;1;195;06;12,5mm;13,23;2;675;675;BF2D@HjLIVING-MA.127@r01@i195@p492980@l6750@n2@e13.23@d12.5@gCA50@s50.00@v@Gl6750@w0@C90@
LIVING-MA.127;22614;30;V32;1;196;07;12,5mm;14,90;4;380;380;BF2D@HjLIVING-MA.127@r01@i196@p492981@l3800@n4@e14.896@d12.5@gCA50@s50.00@v@Gl3800@w0@C65@
LIVING-MA.127;22614;30;V32;1;197;08;16mm;31,20;2;975;975;BF2D@HjLIVING-MA.127@r01@i197@p492982@l9750@n2@e31.2@d16.0@gCA50@s240.00@v@Gl9750@w0@C83@
LIVING-MA.127;22614;30;V32;1;198;09;16mm;5,84;1;365;365;BF2D@HjLIVING-MA.127@r01@i198@p492983@l3650@n1@e5.84@d16.0@gCA50@s240.00@v@Gl3650@w0@C85@
LIVING-MA.127;22614;30;V32;1;199;10;16mm;3,36;1;210;210;BF2D@HjLIVING-MA.127@r01@i199@p492984@l2100@n1@e3.36@d16.0@gCA50@s240.00@v@Gl2100@w0@C78@
LIVING-MA.127;22614;30;V32;1;200;11;12,5mm;22,05;2;1125;1125;BF2D@HjLIVING-MA.127@r01@i200@p492985@l11250@n2@e22.05@d12.5@gCA50@s50.00@v@Gl11250@w0@C84@
LIVING-MA.127;22614;30;V32;1;201;12;12,5mm;2,35;1;240;240;BF2D@HjLIVING-MA.127@r01@i201@p492986@l2400@n1@e2.352@d12.5@gCA50@s50.00@v@Gl2400@w0@C86@
LIVING-MA.127;22614;30;V32;1;202;13;12,5mm;10,19;2;520;520;BF2D@HjLIVING-MA.127@r01@i202@p492987@l5200@n2@e10.192@d12.5@gCA50@s50.00@v@Gl5200@w0@C96@
LIVING-MA.127;22614;30;V32;1;203;14;12,5mm;22,64;2;1155;1155;BF2D@HjLIVING-MA.127@r01@i203@p492988@l11550@n2@e22.638@d12.5@gCA50@s50.00@v@Gl11550@w0@C76@
LIVING-MA.127;22614;30;V32;1;204;15;12,5mm;3,97;1;405;405;BF2D@HjLIVING-MA.127@r01@i204@p492989@l4050@n1@e3.969@d12.5@gCA50@s50.00@v@Gl4050@w0@C91@
LIVING-MA.127;22614;30;V32;1;205;16;12,5mm;13,52;2;690;690;BF2D@HjLIVING-MA.127@r01@i205@p492990@l6900@n2@e13.524@d12.5@gCA50@s50.00@v@Gl6900@w0@C81@
LIVING-MA.127;22614;30;V32;1;206;17;12,5mm;3,87;1;395;395;BF2D@HjLIVING-MA.127@r01@i206@p492991@l3950@n1@e3.871@d12.5@gCA50@s50.00@v@Gl3950@w0@C88@
LIVING-MA.127;22614;30;V32;1;207;18;6,3mm;57,38;135;170;165;BF2D@HjLIVING-MA.127@r01@i207@p492992@l1700@n135@e57.375@d6.3@gCA50@s25.00@v@Gl60@w-120@l650@w-90@l140@w-90@l650@w-90@l140@w-120@l60@w0@C96@
LIVING-MA.127;22614;30;V32;1;208;19;8mm;26,78;6;1116;1116;BF2D@HjLIVING-MA.127@r01@i208@p492993@l11160@n6@e26.784@d8.0@gCA50@s32.00@v@Gl11160@w0@C87@
LIVING-MA.127;22614;30;V32;1;209;20;8mm;14,76;6;615;615;BF2D@HjLIVING-MA.127@r01@i209@p492994@l6150@n6@e14.76@d8.0@gCA50@s32.00@v@Gl6150@w0@C72@
LIVING-MA.127;22614;30;V32;1;210;21;8mm;13,68;6;570;570;BF2D@HjLIVING-MA.127@r01@i210@p492995@l5700@n6@e13.68@d8.0@gCA50@s32.00@v@Gl5700@w0@C79@
LIVING-MA.127;22614;30;V32;1;211;22;8mm;16,08;6;670;670;BF2D@HjLIVING-MA.127@r01@i211@p492996@l6700@n6@e16.08@d8.0@gCA50@s32.00@v@Gl6700@w0@C78@
LIVING-MA.127;22614;30;V32;1;212;23A;10mm;9,10;2;722;720;BF2D@HjLIVING-MA.127@r01@i212@p492997@l7220@n2@e9.097@d10.0@gCA50@s40.00@v@Gl350@w-90@l6420@w0@l450@w0@C68@
LIVING-MA.127;22614;30;V32;1;213;23B;10mm;7,72;2;613;611;BF2D@HjLIVING-MA.127@r01@i213@p492998@l6130@n2@e7.724@d10.0@gCA50@s40.00@v@Gl350@w-90@l5780@w0@C76@
LIVING-MA.127;22614;30;V32;1;214;24;6,3mm;22,50;60;150;145;BF2D@HjLIVING-MA.127@r01@i214@p492999@l1500@n60@e22.5@d6.3@gCA50@s25.00@v@Gl60@w-120@l350@w-90@l340@w-90@l350@w-90@l340@w-120@l60@w0@C68@
